user_input,retrieved_contexts,response,reference,faithfulness,answer_relevancy,llm_context_precision_without_reference,context_recall,factual_correctness(mode=f1),semantic_similarity
Whts in the 2023 enviromental report?,"['Environmental \nReport\n2023What’s \ninside\nAbout this report\nGoogle’s 2023 Environmental Report provides an overview of our environmental \nsustainability strategy and targets and our annual progress towards them.\u20091  \nThis report features data, performance highlights, and progress against our targets from our 2022 fiscal year (January 1 to December 31, 2022). It also mentions some notable achievements from the first half of 2023. After two years of condensed reporting, we’re sharing a deeper dive into our approach in one place.\nADDITIONAL RESOURCES\n• 2023 Environmental Report: Executive Summary\n• Sustainability.google\n• Sustainability reports\n• Sustainability blog\n• Our commitments\n• Alphabet environmental, social, and governance (ESG)\n• About GoogleIntroduction  3\nExecutive letters  4\nHighlights  6\nOur sustainability strategy 7\nTargets and progress summary 8\nEmerging opportunities 9\nEmpowering individuals  12\nOur ambition 13\nOur appr\noach 13\nHelp in\ng people make  14', '2022 HIGHLIGHT\nIn 2022 alone, Nest thermostats \nhelped customers save more than 26 billion kWh of energy\n\u200934—more energy \nthan Google used in the same year.FIGURE 3\nNest Renew features\n   16\n2023 Environmental Report  Information about \nenergy\nGlobal search interest in    “eco-anxiety”   reached a \n15-y\near high in 2022, as did search interest in how to  \n   “save energy at home,”  \u200935 showing us that people \nwant—and need\xa0answers.\nDue to the energy crisis in Europe, people, businesses, \nand\xa0governments across the continent are concerned about rising prices and increased pressure on the energy grid, which is evident from the information they’re searching for. \nIn 2022, we worked with the IEA to rapidly develop a set \nof recommendations  to help individuals reduce energy', 'In 2022, we audited a subset of our suppliers to verify \ncompliance for the following environmental criteria: implementation of environmental management systems, environmental permits and reporting, product content restrictions, and resource efficiency, as well as management of hazardous substances, wastewater,  solid waste, and air emissions.\nGooglers chat among indoor plants at our Pier 57 office in New York City.   79\n2023 Environmental Report  Public policy and advocacy\nWe know that strong public policy action is critical to \ncreating prosperous, equitable, and resilient low-carbon economies around the world. \nThe United Nations Framework Convention on Climate \nChange (UNFCCC)’s 2015 Paris Agreement states that humanity must “keep global temperature rise this century well below 2°C above pre-industrial levels.”\n\u2009143 Google', 'As of the end of 2022, we’ve created \nand restored more than 40 acres of habitat on Google’s campuses and the surrounding urban landscape, primarily in the Bay Area.   69\n2023 Environmental Report  Restoring habitat for \nmonarch butterflies\nWe’re taking steps to help address the threat facing \nCalifornia’s monarch butterflies—pollinators that are important to our ecosystem. In 2020, California only saw 2,000 monarch butterflies during the winter: a more than 90% decline from the millions of monarchs that visited the state in the 1980’s and 1990’s.\n\u2009138\nGiven our significant presence in California, in 2021,  \nwe announced  our aim to support the creation, \nrestoration, and/or enhancement of 600 acres of habitat \nfor monarchs  and other pollinators across California, \nincluding creating more habitat on our campuses. We’ve put $500,000 toward this effort on our campuses, and Google.org  granted another $500,000 to the Xerces', 'About Google\n 76\nSustainab i\nlity governance  76\nRisk management  77\nStakeholder engagement  78\nPublic policy and advocacy  79\nPartnerships  83\nAwards and recognition 84\nAppendix  85\nReporting approach and methodology  86\nEnvironmental data tables 90\nEnvironmental reporting frameworks index  96\nEndnotes 101\nGlossary  1\n03\n   2\n2023 Environmental Report     3\n2023 Environmental Report  \nIntroductionExecutive letters\nSVP of Learning and \nSustainability\nChief Sustainability Officer\nHighlights\nOur sustainability strategyTargets and progress summaryEmerging opportunities\nAI for sustainability\nOur gigaton aspiration\n   4\n2023 Environmental Report  \nExecutive letters\nA letter from our Senior Vice President \nof Learning and Sustainability\nI was introduced to the problem of climate change in the late', 'trucked water), the portion of water permanently lost in the \nwithdrawal (e.g., evaporated or incorporated into products \nfrom cooling, irrigation, and production processes), and the \nwater effluents discharged to all locations (e.g., subsurface \nand surface waters, sewers, and groundwater).\nTo\xa0learn more about how we assess and manage our water-\nrelated risks, see the Governance and engagement  section.\n2022 HIGHLIGHT\nAs of the end of 2022, we estimate \nour 38 replenishment projects had the \ncapacity to replenish over 1.3 billion \ngallons of water annually once  \nfully implemented.\u2009101\nSteam rises above the cooling towers at our data center in The Dalles, Oregon.    52\n2023 Environmental Report  Benefiting watersheds and \ncommunities\nMany watersheds around the world are degrading\xa0in health,', 'The Environmental Insights Explorer makes actionable climate data available to more than 40,000 cities and regions worldwide.   12\n2023 Environmental Report  Empowering  \nindividuals\nWe’re empowering people  \nwith information to make  more sustainable choicesOur ambition\nOur approach\nHelping people make more \nsustainable choices\nReducing home energy useProviding sustainable \ntransportation options\nSharing other actionable \ninformation\nThe journey ahead\n   13\n2023 Environmental Report  Our ambition\nAt Google, we have an opportunity to lead \nthe transition to a more sustainable future by making information accessible and by driving innovation forward. Grounded in our mission, we’re empowering people with the high-quality information they’re looking for. Through our products and platforms that billions of users engage with every day, we’re helping people make decisions that can drive positive action for our planet.\nLast year’s Intergovernmental Panel on Climate Change', 'Timelapse  in Google Earth is a global, zoomable  \ntime-lapse video of the planet, providing a clearer picture \nof Earth’s dynamic change since 1984—not just problems,  but also solutions, as well as beautiful natural phenomena that unfold over decades—from irrigation systems emerging in the deserts of Egypt to volcanic eruptions, logging, and wildfires changing the landscape of California’s Lassen National Forest  and glaciers retreating  \nin Sermersooq, Greenland  (see Figure 9). \nThe imagery also captures how cities have adapted to combat climate change—like offshore wind farms in Middelgrunden, Denmark  and a large-scale solar \ninstallation in Granada, Spain .FIGURE 9\nGlacier retreat in Sermersooq, Greenland, seen from Timelapse in Google Earth. \n1984\n2022   27\n2023 Environmental Report  Data Commons\nSustainability data is fragmented across thousands of silos, \nin many formats and schemas, and across a multitude of databases. In 2017, we started the Data Commons', '2023 Environmental Report  Benefiting watersheds and \ncommunities\nMany watersheds around the world are degrading\xa0in health, \nwith each location facing unique challenges. Improving watershed and ecosystem health is a critical part of our strategy, which allows us to focus on solutions to shared water challenges that are impacting watersheds the most, whether they’re related to water quantity and availability, water quality, ecosystem and habitat degradation, loss of biodiversity, or community access to water.\nIn addition to focusing on responsible water use within our', 'workplaces and stores, products , and our suppliers , \nand we’ve set goals to measure our progress in each area.\nOur circularity principles focus on designing out waste \nfrom the start, keeping materials in use for as long as possible, and promoting healthy materials—for our data centers, workplaces, and products (see Figure 21).   56\n2023 Environmental Report  FIGURE 21\nOur circularity principles\nWe design out  \nwaste and pollution\nWe design for circularity from the start, making it easier \nfor the materials used in the creation of our products, \nworkplaces, and data centers to be reused in the futureWe keep materials in use  \nas long as safely possible\nWe pursue strategies to extend the life of our products, \nworkplaces, and data centers for as long as safely possible  \nto maximize the use of materials that went into their creation We promote safe and \nhealthy materials\nWe design products, workplaces, and data centers with \nhealthy materials that are safe for people and for the', '2023 Environmental Report  Nature and  \nbiodiversity\nWe strive to protect and enhance \nnature and biodiversity through \nour campuses and technologyOur ambition\nOur approach\nBuilding for biodiversity\nProtecting nature and \nmaking it more accessible\nSourcing responsiblyDeveloping technology to \naddress biodiversity loss\nThe journey ahead\nOur ambition\nThe world has seen an average loss of 69% of mammal, bird, fish, reptile, and amphibian populations since 1970,\n\u2009134 and \nclimate change, water stress, and resource depletion are only accelerating the stress on our natural environment. Roughly half of global GDP—or $44 trillion—depends on nature and its services, such as healthy soils, flood prevention, clean water, nutrient cycling, pollination, and a stable climate.\n\u2009135 \nPreserving nature is critical both to mitigating climate', 'such as electricity grids and hardware supply chains.   34\n2023 Environmental Report  It will be especially critical for governments around the \nworld to enact policies that drive rapid technological and economic transformations, including the full decarbonization of the global energy system. That’s why Google advocates for stronger clean energy and climate policies, and partners with many other organizations to accelerate clean energy and climate progress. We’ve played instrumental roles in setting up advocacy organizations, including the Clean Energy Buyers Association (CEBA) in the United States, the RE-Source Platform in Europe, and the Asia Clean Energy Coalition (ACEC). \nTo learn more about our public policy and advocacy, \nincluding policy engagement, trade associations, memberships, and partnerships, see the Governance  \nand Engagement  section.\nChallenges to address', 'Our approach\nSupporting partners\nInvesting in breakthrough \ninnovation\nCreating ecosystems for \ncollaboration\nThe journey ahead\n   21\n2023 Environmental Report  Our ambition\nWe believe that Google has a unique \nopportunity that extends beyond reducing \nthe environmental impacts of our own \noperations and value chain. By organizing \ninformation about our planet and making \nit actionable through technology and \nplatforms, we can help partners and \ncustomers create even more positive impact.\nDigital technologies  play a critical role in industry \ntransitions, allowing us to measure and track sustainability \nprogress, optimize the use of resources, reduce \ngreenhouse gas emissions, and enable a more circular \neconomy.\u200950 Cloud computing and digital technologies \nunderpin the transformation in many sectors, such as \nenergy, transportation, and agriculture. Research  that \nwe commissioned in 2022 found that 20%–25% of what’s \nrequired for the EU’s 2050 net-zero goal requires some', 'Moving ahead, we’ll continue to build partnerships with others, using lessons from our own efforts alongside new tools and technology to help everyone take action.\nLEARN MORE\n • Seeding resilience with ecology\n • Doing our part for California’s monarch butterflies\n • AI reveals signs of recovery in areas devastated by \nbushfires\n • Map of Life Indicators adopted in UN Biodiversity Framework\nIn 2022 we opened Pier 57 in New York City, which incorporates water views and plantings throughout the building  \nto support biophilic design.   73\n2023 Environmental Report  SPOTLIGHT\nBuilding a more sustainable \ncampus in Mountain View\nAn interior photo of the canopy ceiling at our Bay View campus. (Photo: Iwan Baan)In 2022, we opened Bay View  in Mountain \nView, California, the first major campus \ndeveloped by Google. From the start,  we had big ambitions  for this project:  \nre-envisioning the workplace with a focus on prioritizing the human experience  and \ncommunity-centered development .', 'approximately 2.8 GW of clean energy \ngeneration capacity—more than in any prior year.   6\n2023 Environmental Report  \nHighlights\nThis section provides a snapshot of our highlights as of the end of 2022, and select highlights from the first half of 2023. For a more complete overview \nof our performance over time, see the Targets and progress summary section  and our Environmental data tables .\nEmpowering  \nindividuals1 billion users \nOur core products helped more than  \n1 billion users  make more sustainable \nchoices in 20221.2 million metric tons\nof estimated carbon emissions reductions enabled by Google Maps  eco-friendly \nrouting as of the end of 2022—equivalent to taking approximately 250,000 fuel-based cars off the road for a\xa0year\n\u20095113 billion kWh\nof energy cumulatively saved by customers using Nest thermostats  from 2011 to 2022\n\u20096—\nmore than double Portugal’s annual electricity consumption\n\u20097 and equivalent to preventing', '41% of the plastic used in products manufactured in  2022 was recycled content\n\u2009124\nDETAILS\nYear set: 2020    |    Base year: N/A   |    Target year: 2025\nScope: Includes the minimum percentage of recycled or renewable plastic content calculated as a percentage of total plastic (by weight) in Google’s consumer hardware portfolio for products manufactured in a given year.\n\u2009125 \nSince the launch of our first hardware products, we’ve worked to improve the sustainability of how we make our products and the services we create around them.   63\n2023 Environmental Report  Sustainable packaging\nProduct packaging typically contains many materials—\nlike the plastic film materials you often see on electronic packages—which can be difficult to recycle. \nThat’s why we’re committed to eliminating plastic from \nour hardware product packaging by 2025. By focusing on fiber-based materials , we’re enabling consumers to', 'Learn more in the  \nOperating sustainably section   8\n2023 Environmental Report  \nTargets and progress summary\nTopic Target Unit 2021 2022 Target year Status\nProduct impactHelp 1 b\nillion people make more sustainable choices through our More than Achieved Products Users N/A 2022\nproducts by 2022 1 billion\u200910 (see pg. 14 )\nOperational \ntargetsNet-zero  \ncarbonAchieve net-zero emissions across all of our operations and value chain by 2030\nCarbon Redu c e 50% of our combined Scope 1, 2 (market-based),  Ongoing  \ntCO2e emissions N/A 10.2 million\u200911 before 2030reduction and 3 absolute emissions (versus our 2019 baseline) before 2030(see pg. 36 )\nCarbon-free Ongoing  Run on 24/7 carbon-free energy on every grid where we operate by 2030 % carbon-free energy 66% 64%\u2009122030\nenergy (see pg. 43 )\nWater  \nst\newardshipReplenish\n more water than we consume and help improve water quality and ecosystem health in the communities where we operate', 'Empowering individuals \nto take ac\ntion\nWe’re empowering people with the \ninformation they’re seeking to help make more sustainable choices in their everyday lives.\nLearn more in the  \nEmpowering individuals  sectionWorking together with our \npartners and customers\nWe’re help ing partners and customers \nto reduce their emissions and achieve \nsustainability goals by advancing transformative technology for sustainability and climate action.\nLearn more in the  \nWorking  t\nogether sectionOperating o ur \nbusiness sustainably\nWe’re bui lding on our legacy of \nsustainability leadership by accelerating \nthe transition to a net-zero carbon future, advancing water stewardship, building a circular economy, and protecting nature and biodiversity.\nLearn more in the  \nOperating sustainably section   8\n2023 Environmental Report  \nTargets and progress summary\nTopic Target Unit 2021 2022 Target year Status\nProduct impactHelp 1 b', 'the United States for pre-owned products, such as used and refurbished products. The journey \nahead\nWhile a single individual’s actions may seem small, when \nbillions of people have the tools to make more sustainable decisions, they add up to have a meaningful impact on their communities and the entire planet. \nWe’re excited by the opportunity to enable climate and \nenvironmental action far beyond Google’s direct impact, through information and innovation.\nLEARN MORE\n • Empowering with technology\n • Google Maps eco-friendly routing\n • Searching for sustainability with Google\n • Supporting a clean energy future with Nest Renew\n • The search for sustainability   20\n2023 Environmental Report  Working \ntogether\nWe’re working together with our \npartners and customers to advance technology for sustainabilityOur ambition\nOur approach\nSupporting partners\nInvesting in breakthrough \ninnovation\nCreating ecosystems for \ncollaboration\nThe journey ahead\n   21\n2023 Environmental Report  Our ambition', 'may be significant, any significance should not be read \nas necessarily rising to the level of materiality used for \nthe purposes of complying with applicable securities \nlaws and regulations. The information in this report may \ncontain projections, future estimates, plans, expectations, \ngoals, and other forward-looking statements. Forward-\nlooking statements are based on current expectations \nand assumptions that are subject to certain risks and \nuncertainties, which could cause our actual results to \ndiffer materially from those reflected in the forward-\nlooking statements. Any changes in methodology may \nresult in material changes to our calculations and may \nresult in the current and previous periods, including our \nbase year, to be adjusted. Except as required by law, we \nundertake no obligation to correct, revise, or update any \ninformation included in this report.   90\n2023 Environmental Report  Environmental data tables\nGHG EMISSIONS Unit 2018 2019 2020 2021 2022']","The 2023 Environmental Report from Google provides an overview of their environmental sustainability strategy, targets, and annual progress, featuring data and performance highlights from the 2022 fiscal year and notable achievements from the first half of 2023. Key sections of the report include:

- An introduction and executive letters
- Highlights of sustainability efforts
- A summary of sustainability strategy and targets
- Information on empowering individuals to make sustainable choices
- Details on water stewardship, habitat restoration, and biodiversity efforts
- Progress on carbon emissions reduction and energy use
- A focus on circular economy principles and sustainable packaging
- Public policy advocacy for clean energy and climate action

The report emphasizes Google's commitment to achieving net-zero emissions by 2030 and highlights various initiatives aimed at reducing environmental impact and promoting sustainability.","Google’s 2023 Environmental Report provides an overview of our environmental sustainability strategy and targets and our annual progress towards them. This report features data, performance highlights, and progress against our targets from our 2022 fiscal year. It also mentions some notable achievements from the first half of 2023.",0.75,0.9243962860781058,,1.0,0.55,0.9672153042438745
What is Google's approach to sustainability?,"['135 \nPreserving nature is critical both to mitigating climate  \nchange and adapting to it. We want nature and people to flourish together in the communities that Google calls  home, as well as the ecosystems where we source food  for the hundreds of cafes we operate. Our approach\nWe strive to protect and enhance nature and biodiversity through our campuses and technology.\nGoogle has offices in nearly 60 countries around the world \n(as of year-end 2022). In these locations, we aim to protect and enhance nature and biodiversity through a four-pillar approach that starts with building biodiversity at our own office and campus developments, as well as protecting nature and making it more accessible in the surrounding communities where we operate (see Figure 24).\xa0\nOur approach further focuses on sourcing responsibly', 'that Google can make a meaningful difference beyond our own operations and value chain, and they highlight the benefits of helping individuals through our products and\xa0platforms.Our approach\nEvery day, billions of people turn to Google to ask questions, discover something new, or learn about what’s important to them. More people are interested in how to live more sustainably than ever, and our aim is to make it easier for them to do so. In 2022, searches for   \n   “solar energy,”        “electric bicycles,”   and  \n   “electric cars”   reached all-time highs.\u200923 \nThese kinds of changes to lifestyles and behavior matter: the International Energy Agency (IEA) estimates  that \naround 55% of the cumulative emissions reductions needed to achieve a net-zero global energy system by 2050 are linked to consumer choices. Yet, there’s a wide “say-do gap ” among consumers—between those who are \nconcerned about sustainability, and those who ultimately make sustainable decisions.\n\u200924', 'The opportunity we have through our products and \nplatforms is reflected in our updated environmental sustainability strategy, which focuses on where we can make the most significant positive impact. Our work is organized around three key pillars: empowering individuals to take action, working together with our partners and customers, and operating our business\xa0sustainably.\nIn 2022, we reached our goal to help 1 billion people \nmake more sustainable choices through our products. We achieved this by offering sustainability features like eco-friendly routing in Google Maps, energy efficiency features in Google Nest thermostats, and carbon emissions information in Google Flights. Looking ahead, our aspiration is to help individuals, cities, and other partners collectively reduce 1 gigaton of their carbon equivalent emissions annually by 2030.\n\u20092', 'New contracting approaches\nIn 2022, we published a white paper outlining details of the CFE Manager model , a new approach to clean energy \nprocurement that can help a wide range of energy buyers streamline their clean energy purchasing. We share three case studies where Google recently signed CFE Manager agreements—in Virginia, Germany, and California—and discuss some contractual terms and issues that buyers pursuing these agreements should consider.\nIn addition to the CFE manager model, in 2022 we piloted \na new approach to clean energy requests for proposals that can reduce the time to negotiate and execute a clean energy PPA by up to 80%. We’re hopeful this new approach will give clean energy buyers and sellers useful new options for negotiating PPAs, and enable all organizations that want to decarbonize their electricity use to join us on the journey to 24/7 CFE.\nHelping local communities', 'Our approach further focuses on sourcing responsibly \nacross our supply chain. And our billions of users have the potential to have a positive impact on their environments if given the information and tools to do so, so we’re also developing technology to help increase nature’s resilience to climate change.\nFIGURE 24 Our approach to nature and biodiversity\nBuilding for \nbiodiversity\nWe build for biodiversity  \non-site at Google offices \nand campuses by designing \nfor ecology and bringing \nnature back to cities.Protecting nature and \nmaking it more accessible\nIn the Bay Area and elsewhere \nacross our portfolio where \nappropriate, we nurture the \nenvironment and connect  \npeople to nature, both on our  \ncampuses and in the  \nsurrounding communities.Sourcing \nrespo\nnsibly\nWe’re focused on sourcing \nresponsibly across our supply \nchain by procuring sustainable \nbuilding and hardware \nmaterials and supporting \nbiodiverse food systems.Developing technology to \naddress biodiversity loss', 'Empowering individuals:  \nA parking lot full of electric vehicles lined up outside a Google office, \nplugged into charging stations.\nWorking together:  \nSatellite-derived Earth Engine image showing seasonal agricultural peaks \nnear the Columbia and Snake Rivers in Washington state. The perfectly round fields are center pivot irrigated corn and wheat maturing in different months. Data source: Landsat 8, U.S. Geological Survey.\nOperating sustainably:  \nA view of our Bay View campus with the events center in the foreground \nand a Google brandmark sculpture. (Photo: Iwan Baan)\nNet-zero carbon:  \nGolden Hills wind farm in California (43 MW for Google)\nWater stewardship:  \nOur Bay View campus, as seen from across its stormwater retention pond. (Photo: Iwan Baan)\nCircular economy:  \nA closeup of many small, broken circuit boards in a pile. Our approach', 'Our approach\nOur core business involves using data to solve hard problems, and our unique strength is combining engineering skills with an innovative mindset and a global reach.\nThere are three main focus areas that make up our approach to our net-zero goal: reducing emissions across our operations and value chain, advancing carbon-free energy, and addressing our residual emissions with carbon removals (see Figure 10).\nFIGURE 10 Our net-zero approach\nCarbon reduction\nReduce emissions across our \noperations and value chainCarbon-free energy\nAdvance carbon-free energy across \nour operations and value chain Carbon removals\nAddress our residual emissions  \nwith carbon removals   35\n2023 Environmental Report  Measuring our carbon footprint\nWe began calculating our annual carbon footprint in 2006. \nEvery year since 2009, we’ve publicly reported the results to CDP , a global organization that asks companies to \ndisclose information on their GHG emissions performance and management.', 'Management approachApproach to circular economy • Oper ating sustainably - Circular economy - Our approach\nCircularity throughout our data centers, products, operations,\nand workplaces• Operatin g sustainably - Circular economy - Our approach - Reducing data center waste; \nBuilding circular w orkplaces and stores; Designing more sustainable consumer hardware \nproductsTC-IM-130a.2\nTC-SI-130a.2\nCircularity throughout our value chain • Operatin g sustainably - Circular economy - Our approach - Working with suppliersTC-IM-130a.3\nTC-SI-130a.3\nEngagement with external targets and initiatives related to circular economy• Workin g together - Our approach - Supporting partners - Cloud customers and commercial \npartners - Responsible sourcing\n• Governance and engagement - Partnerships\n• Opera ting sustainably - Circular economy - Our approach\nGoals and targets Circular economy-related targets and progress against goals• Introd uction - Targets and progress summary', 'Employee \nengagement\nSustainability is part of our culture, and we give our \nemployees opportunities to engage on environmental issues and put their passions into practice.\nTo celebrate Earth Day, we host an annual virtual event \nfor employees to learn more about what Google is doing to empower people to make more sustainable choices, support our partners and customers, and operate our business more sustainably. Throughout the year, we invite thought leaders and experts to speak about the latest sustainability trends, and we post some of these talks publicly on our Talks at Google YouTube channel. Employees can also access online sustainability courses and can join global and local internal community groups focused on sustainability topics. Some employees also take on a 20% project —an opportunity to work', '• Opera ting sustainably - Circular economy - Our approach\nGoals and targets Circular economy-related targets and progress against goals• Introd uction - Targets and progress summary\n• Opera ting sustainably - Circular economy - Our approach   99\n2023 Environmental Report  MATERIALS Frameworks\nEnvironmental disclosure \ncategoryTopic 2023 Environmental Report location CDP Climate TCFD SASB\nPerformance indicators Data center hardware components refurbished or resold• Opera ting sustainably - Circular economy - Our approach - Reducing data center waste -  \nZero Waste to Landfill\n• Appendix - Environmental data tables\nLEED-certified office space• Operat ing sustainably - Net-zero carbon - Our approach - Reducing carbon emissions -  \nEnergy-efficient and low-carbon facilities - Offices\n• Appendix - Environmental data tables\nZero Waste to Landfill progress and certifications• Oper ating sustainably - Circular economy - Our approach - Reducing data center waste -', 'the United States for pre-owned products, such as used and refurbished products. The journey \nahead\nWhile a single individual’s actions may seem small, when \nbillions of people have the tools to make more sustainable decisions, they add up to have a meaningful impact on their communities and the entire planet. \nWe’re excited by the opportunity to enable climate and \nenvironmental action far beyond Google’s direct impact, through information and innovation.\nLEARN MORE\n • Empowering with technology\n • Google Maps eco-friendly routing\n • Searching for sustainability with Google\n • Supporting a clean energy future with Nest Renew\n • The search for sustainability   20\n2023 Environmental Report  Working \ntogether\nWe’re working together with our \npartners and customers to advance technology for sustainabilityOur ambition\nOur approach\nSupporting partners\nInvesting in breakthrough \ninnovation\nCreating ecosystems for \ncollaboration\nThe journey ahead\n   21\n2023 Environmental Report  Our ambition', 'Suppli er engagementC12. Engagement\nBoard and/or management oversight • Gove rnance and engagement C12. Engagement\nManagement approachApproach to supply chain risk environmental assessments and audits • Gove rnance and engagement - Stakeholder engagement - Supplier engagement\nIntegration of environmental factors within procurement policies  \nand supplier contracts• Operating sustainably - Net-zero carbon - Our approach - Reducing carbon emissions -  \nSupplier engagement\n• Governance and engagement - Risk managementC12. Engagement\nApproach to supplier capacity building, training, and corrective  \naction plans• Operating sustainably - Net-zero carbon - Our approach - Reducing carbon emissions - \nSupplier engagement; Circular economy - Our approach - Working with suppliers - Safer \nchemistry\n• Governance and engagement - Risk management; Stakeholder engagement - Supplier \nengagement\nEngagement with external targets and initiatives related to sustainable', '2\nAfter two years of condensed reporting, we’re sharing a deeper dive into our approach in one place in our 2023 Environmental Report. In 2022, we continued to make measurable progress in many key ways, such as:\n• We enhanced and launched new sustainabilityproduct features , such as eco-friendly routing in\nMaps, which is estimated to have helped preventmore than 1.2 million metric tons of carbon emissionsfrom launch through 2022—equivalent to takingapproximately 250,000 fuel-based cars off the roadfor a year.\n\u20093\n• We expanded the availability of Google EarthEngine —which provides access to reliable, up-to-\ndate insights on how our planet is changing—toinclude businesses and governments worldwide as anenterprise-grade service through Google Cloud.• We opened our new Bay View campus , which is\nall-electric, net water-positive, restores over 17 acresof high-value nature, and incorporates the leadingprinciples of circular design.', '. Investment in renewable capacity is a scalable approach to creating system-level change by driving grid decarbonization and enabling greater access to carbon-free energy. This is especially significant in markets where credible procurement mechanisms for clean energy are nascent or nonexistent. We aim to invest in clean energy projects that reduce emissions and serve manufacturing operations across our supply chain.', '• Google Earth Engine\n• Sustainability-focused accelerators   31\n2023 Environmental Report  Operating \nsustainably\nWe’re showing the way forward \nthrough our own operationsOur ambition\nOur operations\nNet-zero carbon\nWater stewardshipCircular economyNature and biodiversity\nSpotlight: Building a  \nmore sustainable campus  \nin Mountain View\n   32\n2023 Environmental Report  Our  \nambition\nOur work on sustainability started with our \nown operations, and we’ve worked hard to lead by example, with the ultimate goal of driving larger systems change. We set ambitious sustainability goals . We share the \ninnovations we create and the lessons we learn with others, so we can help accelerate the global transition to a low-carbon and sustainable future.\nWe’re working to drive sustainability across our operations \nin four key ways: accelerating the transition to a net-zero carbon future, advancing water stewardship, building a circular economy, and protecting nature and biodiversity.Our \noperations', '• Appendix - Environmental data tables\nZero Waste to Landfill progress and certifications• Oper ating sustainably - Circular economy - Our approach - Reducing data center waste -  \nZero Waste to Landfill; Working with suppliers - Manufacturing waste\nLandfill diversion rate for offices and data centers• Oper ating sustainably - Circular economy - Our approach - Building circular workplaces \nand stores - Workplace operations; Reducing data center waste - Zero Waste to Landfill\n• Appe ndix - Environmental data tables\nFood waste diverted from landfill• Operating sustainably - Circular economy - Our approach - Building circular workplaces  \nand stores - Workplace operations - Food waste\nNATURE AND BIODIVERSITY Frameworks\nEnvironmental disclosure \ncategoryTopic 2023 Environmental Report location CDP Climate TCFD SASB\nGovernance and oversightOur strategy  • Operating sustainably - Nature and biodiversity C2. Risks and opportunities\nC3. Business strategy', 'Our approach\nSupporting partners\nInvesting in breakthrough \ninnovation\nCreating ecosystems for \ncollaboration\nThe journey ahead\n   21\n2023 Environmental Report  Our ambition\nWe believe that Google has a unique \nopportunity that extends beyond reducing \nthe environmental impacts of our own \noperations and value chain. By organizing \ninformation about our planet and making \nit actionable through technology and \nplatforms, we can help partners and \ncustomers create even more positive impact.\nDigital technologies  play a critical role in industry \ntransitions, allowing us to measure and track sustainability \nprogress, optimize the use of resources, reduce \ngreenhouse gas emissions, and enable a more circular \neconomy.\u200950 Cloud computing and digital technologies \nunderpin the transformation in many sectors, such as \nenergy, transportation, and agriculture. Research  that \nwe commissioned in 2022 found that 20%–25% of what’s \nrequired for the EU’s 2050 net-zero goal requires some', '• Working together - Our approach - Supporting partners - Governments and \nintergovernmental organizations - Environmental Insights Explorer; Adaptation support for \ncommunities; Investing in breakthr ough innovation - Ocean ecosystemsC2. Risks and opportunities\nC3. Business strategy\nApproach to managing progress against internal and external  \nnature-related targets and expectations• Oper ating sustainably - Nature and biodiversity - Our approach\nEngagement with external targets and initiatives related to nature  \nand biodiversity• Work ing together - Our approach - Supporting partners - Governments and \nintergovernmental organizations; Researchers, academics, and NGOs\n• Gove rnance and engagement - PartnershipsC15. Biodiversity\nGoals and targets Nature- and biodiversity-related targets and progress against goals • Intro duction - Targets and progress summary C15. Biodiversity']","Google's approach to sustainability focuses on four key pillars: building biodiversity, protecting nature, sourcing responsibly, and developing technology to address biodiversity loss. They aim to enhance nature and biodiversity through their office and campus developments while also making nature more accessible in surrounding communities. Additionally, Google emphasizes empowering individuals to make sustainable choices through their products, collaborating with partners, and operating their business sustainably. Their sustainability strategy includes goals such as helping 1 billion people make more sustainable choices and collectively reducing carbon emissions by 1 gigaton annually by 2030. They also invest in clean energy projects and promote a circular economy within their operations.","Google's approach to sustainability includes operating sustainably, achieving net-zero carbon, water stewardship, and promoting a circular economy.",,1.0000000000000002,,1.0,0.29,0.9235893703547414
What is the role of Googol in sustainability governance?,"['in partnership with the Egyptian government and the United Nations, and sent a delegation led  \nby Chief Sustainability Officer Kate Brandt and VP of Engineering & Research Yossi Matias, along \nwith a number of senior subject matter experts. Googlers participated in over 50 events and \nmoments throughout the conference with public sector leaders from the United States, Europe, \nAfrica, the Middle East, and Asia to call for amplified ambition on climate, and to showcase the  \nrole that the technology sector can play in enabling climate mitigation and adaptation.\nUnited States\nEngagement on U.S. federal sustainability, climate, and energy policy\nLegislative branch \nengagementAs detailed in Google’s lobbying disclosure filings , we conducted lobbying efforts regarding \nU.S. federal sustainability, climate, and energy policy, including on the Clean Energy for \nAmerica Act, the CLEAN Future Act, the Infrastructure Investment and Jobs Act, the Clean', 'Our approach\nSupporting partners\nInvesting in breakthrough \ninnovation\nCreating ecosystems for \ncollaboration\nThe journey ahead\n   21\n2023 Environmental Report  Our ambition\nWe believe that Google has a unique \nopportunity that extends beyond reducing \nthe environmental impacts of our own \noperations and value chain. By organizing \ninformation about our planet and making \nit actionable through technology and \nplatforms, we can help partners and \ncustomers create even more positive impact.\nDigital technologies  play a critical role in industry \ntransitions, allowing us to measure and track sustainability \nprogress, optimize the use of resources, reduce \ngreenhouse gas emissions, and enable a more circular \neconomy.\u200950 Cloud computing and digital technologies \nunderpin the transformation in many sectors, such as \nenergy, transportation, and agriculture. Research  that \nwe commissioned in 2022 found that 20%–25% of what’s \nrequired for the EU’s 2050 net-zero goal requires some', '• Foster partnerships and deepen collaboration  across public and private actors to enable progress on\nclimate mitigation and adaptation by harnessing the full potential of climate solutions.\n• Empower everyone to participate in the transition to a sustainable economy and ensure that the cleanenergy economy provides economic growth for all —spurring a new generation of green jobs, benefiting\nthe communities most impacted by a changing climate, and leaving no one behind in the transition.Policy \nengagement\nEngagement on sustainability policy has been a top \npriority at Google for many years. Most recently, we were an official partner at COP-27  in 2022, where we \nparticipated in over 50 events and moments throughout the conference with public sector leaders from the United States, Europe, Africa, the Middle East, and Asia to call for amplified ambition on climate and to showcase the role that the technology sector can play in enabling climate mitigation and adaptation.', 'Beyond our own footprint, Google’s founding mission—\n“Organize the world’s information and make it universally accessible and useful”—can play a very important role in accelerating progress in climate information and action. A sustainable future will be built upon billions of decisions made by governments, organizations, and individuals, which will need to be grounded in good information. Increasingly, we see through Google Trends that more and more people are looking for ways to live sustainably. I believe that we have many strengths and capabilities in providing quality information that people are seeking to make decisions that’ll drive positive action for our planet.\nHelpful information  can be critical in both efforts to reduce \nemissions as well as adapt to extreme climate events like', 'And for innovation, we’ll call out the many  \nplaces where AI is helping to break down  barriers and advance our work.\nOver my tenure at Google, I’ve seen how we’ve been working to integrate sustainability into our work. This transition is going to be challenging—both for us and for the world at large—and there’s no playbook for making it happen. But we see our efforts as part of a bigger picture, setting our goals to help scale global solutions, and I’m optimistic that we can, through our efforts in both information and innovation, play a helpful role in building a more sustainable and resilient future.\nBenedict  Gomes\nBenedict GomesSVP, Learning & SustainabilityGoogleBy making information accessible and \naccelerating innovation, we can help \ncreate a more sustainable future.   5\n2023 Environmental Report  \nA letter from our  \nChief Sustainability Officer\nI grew up in Muir Beach, California, and was fortunate', 'on something outside of their primary role—related to sustainability. One great example of this is Project Sunroof, which began as a 20% project back in 2015. Lastly, employees have the opportunity to learn about sustainability through internal newsletters and education campaigns.\nSupplier \nengagement\nThrough our supplier responsibility  program , we’re \nworking to build an energy-efficient, low-carbon, \ncircular supply chain that makes smart use of the Earth’s resources, protects ecosystems, and helps to combat climate change. We focus on the areas where we can make an immediate and lasting impact, such as helping our suppliers improve their environmental performance and integrate inclusivity, climate resilience, water stewardship, and circular design into our supply chain. We believe these principles can play a key role in reducing environmental impact and protecting human rights and community health.Google’s Supplier Code of Conduct includes requirements', 'Empowering individuals:  \nA parking lot full of electric vehicles lined up outside a Google office, \nplugged into charging stations.\nWorking together:  \nSatellite-derived Earth Engine image showing seasonal agricultural peaks \nnear the Columbia and Snake Rivers in Washington state. The perfectly round fields are center pivot irrigated corn and wheat maturing in different months. Data source: Landsat 8, U.S. Geological Survey.\nOperating sustainably:  \nA view of our Bay View campus with the events center in the foreground \nand a Google brandmark sculpture. (Photo: Iwan Baan)\nNet-zero carbon:  \nGolden Hills wind farm in California (43 MW for Google)\nWater stewardship:  \nOur Bay View campus, as seen from across its stormwater retention pond. (Photo: Iwan Baan)\nCircular economy:  \nA closeup of many small, broken circuit boards in a pile. Our approach', 'information in these moments, we’re providing information through Search alerts on flooding , wildfire boundaries , and \nextreme heat . More details on how AI enables these alerts \ncan be found in the Working together  section.Recycling points\nPeople recognize that recycling plays a crucial role in preserving the future of our planet; global searches for  \n   “recycling”   are the highest of any sustainability action.\u200945 \nIn 2021, we launched a new feature that makes it easier for people to find nearby recycling points on Search and Maps. In addition to providing information on recycling depots  \nand waste transfer stations, we’re also helping small businesses  share when they offer in-store recycling . By \nadding the new recycling attribute  to Business Profiles on \nSearch and Maps, local storefronts and shops can show  the recycling services they offer in just a few clicks—whether it’s for plastic bottles, packaging, or electronics.\nPre-owned items', 'that Google can make a meaningful difference beyond our own operations and value chain, and they highlight the benefits of helping individuals through our products and\xa0platforms.Our approach\nEvery day, billions of people turn to Google to ask questions, discover something new, or learn about what’s important to them. More people are interested in how to live more sustainably than ever, and our aim is to make it easier for them to do so. In 2022, searches for   \n   “solar energy,”        “electric bicycles,”   and  \n   “electric cars”   reached all-time highs.\u200923 \nThese kinds of changes to lifestyles and behavior matter: the International Energy Agency (IEA) estimates  that \naround 55% of the cumulative emissions reductions needed to achieve a net-zero global energy system by 2050 are linked to consumer choices. Yet, there’s a wide “say-do gap ” among consumers—between those who are \nconcerned about sustainability, and those who ultimately make sustainable decisions.\n\u200924', 'In many places, water is the most efficient means of \ncooling. When used responsibly, water cooling can play an important role in reducing emissions. We’ve found that our water-cooled data centers use about 10% less energy and emit roughly 10% less carbon emissions than our air-cooled data centers.\n\u2009100', 'Alphabet’s Board of Directors has delegated to the Audit and Compliance Committee the primary responsibility for the oversight of many of the risks facing our businesses. The Audit and Compliance Committee reviews and discusses with management any major risk exposures, including sustainability risks, and the steps that Alphabet takes to detect, monitor, and actively manage such exposures.In 2022, Google evolved its approach to sustainability governance by creating a Sustainability Focus Area, an internal team led by our SVP of Learning and Sustainability that provides centralized management oversight of sustainability and climate-related issues.The Sustainability Focus Area includes the Chief Sustainability Officer and executives from across the company with diverse skills, from teams such as operations, products, finance, marketing, legal, communications, and policy, among others', 'In Europe, our CEO Sundar Pichai shared virtual remarks at \nour inaugural Google European Sustainability Summit  in Brussels, which brought together policymakers, industry, and civil society to discuss how to accelerate climate action. He said, “At Google, we share the EU’s commitment to action, and want to be a helpful partner in that progress.” In the Asia-Pacific region, we provided a public submission and statement of support for Australia’s Climate Change Bill 2022 to enable the country to meet its Paris Agreement goals and reach net-zero emissions by 2050.\nWe’ve led significant public policy engagement to support \nstrong sustainability outcomes. For instance, in the United States last year, we provided comments  to the SEC’s \nproposed rule  on enhanced climate-related disclosures.', 'In 2022, we contributed $200 million towards a $925 million \ntotal pledge to Frontier , an advanced market commitment \nthat’s accelerating the development of carbon removal technologies by guaranteeing future demand. As a founding member of Frontier, we’re signing our first offtake deals in 2023, with removals expected to be delivered starting in 2024. Already, Frontier has announced its first deal, a partnership with the start-up Charm Industrial to remove 112,000 tons of CO\n2 between 2024 and 2030.\nStrengthening carbon \nmarkets\nWhile CDR technologies are being proven and scaled over \nthe short to medium term, we believe that carbon credits can play a valuable role in keeping the world on track for a 1.5ºC future. Since 2007, we’ve supported the capture and destruction of highly potent greenhouse gasses through the procurement of high-quality carbon credits .\nSince we began procuring high-quality carbon credits, we’ve learned a lot from our experience —including the', 'The opportunity we have through our products and \nplatforms is reflected in our updated environmental sustainability strategy, which focuses on where we can make the most significant positive impact. Our work is organized around three key pillars: empowering individuals to take action, working together with our partners and customers, and operating our business\xa0sustainably.\nIn 2022, we reached our goal to help 1 billion people \nmake more sustainable choices through our products. We achieved this by offering sustainability features like eco-friendly routing in Google Maps, energy efficiency features in Google Nest thermostats, and carbon emissions information in Google Flights. Looking ahead, our aspiration is to help individuals, cities, and other partners collectively reduce 1 gigaton of their carbon equivalent emissions annually by 2030.\n\u20092', 'Both of these programs are based on discussions with  \nU.S. government officials, national NGOs, and policy advocates about challenges to an equitable energy transition in their communities. We’ll continue to build on these programs to extend the benefits of our investments to underserved communities.Accelerating new and \nimproved technologies\nWind and solar power have played a critical role in \nenabling Google’s clean energy progress, but meeting 24/7 CFE—and maximizing our contribution to global decarbonization—will require expanding our technology toolkit. In 2022, we continued to work on a wide range  of projects to demonstrate, scale, and maximize the climate impact of carbon-free energy technologies,  using Google’s engineering capabilities and purchasing demand to accelerate the commercialization of new  clean energy technologies:\n • Optimizing generation from existing CFE technologies: To reduce the carbon footprint of', 'Sustainable \nconsumption of \npublic goods (e.g., \n“right to repair”)Google submitted comments to the European Commission’s public consultation regarding \nthe promotion of repair and reuse of goods. We shared our views on the core principles to \nconsider when introducing policy measures to promote repair and reuse horizontally, and for \nsmartphones and tablets specifically.\nBody of European \nRegulators \nfor Electronic \nCommunications \n(BEREC)Google responded to a questionnaire  by BEREC in view of the development of key performance \nindicators to characterize the environmental impact of electronic communications, networks, \ndevices, and services. We provided information about our environmental reporting practices \nand suggestions to help identify which indicators would provide relevant environmental \ninformation.\nEngagement with coalitions and sustainability initiatives\nRE-Source PlatformGoogle is a strategic partner and steering committee member of the RE-Source Platform, the', 'time wildfire boundaries in Search and Maps are available in cities around the world 100s of sources\nof sustainability data, from most OECD countries , aggregated by \nData Commons—making data more accessible and useful for addressing sustainability challenges\nOperating  \nsustainably10+ GW\nof clean energy  generation capacity from \nmore than 80 signed agreements from 2010 to 2022—the equivalent capacity of more than 31 million solar\xa0panels271 million gallons\nof water  replenished as of the end of 2022—\nequivalent to more than 400 Olympic-sized swimming pools100%\nof Pixel, Nest, and Chromecast devices launched in 2022 include recycled materials\n\u20099 44 acres\nof native habitat  restored on our  \nBay Area campuses as of the end  of 2022   7\n2023 Environmental Report  \nOur \nsustainability strategy\nWe believe Google has a unique \nopportunity that extends beyond  \nmanaging the environmental impacts  of our own operations and value chain.\nBy making information accessible and by driving']","Googol plays a significant role in sustainability governance by leveraging its technology and information capabilities to support climate action and sustainability initiatives. The company engages in partnerships with governments and organizations, such as the Egyptian government and the United Nations, to amplify climate ambition and showcase the technology sector's potential in climate mitigation and adaptation. 

Google's approach includes lobbying for sustainability policies, investing in innovative technologies, and creating collaborative ecosystems to foster progress on climate issues. The company aims to empower individuals and organizations to make sustainable choices through its products and platforms, such as providing information on recycling and energy efficiency. 

Additionally, Google has established a Sustainability Focus Area to centralize management oversight of sustainability and climate-related issues, involving executives from various departments to ensure a comprehensive approach to sustainability governance. Overall, Google seeks to make a positive impact on sustainability by organizing information, driving innovation, and engaging in policy advocacy.",The context does not provide specific information about Google's role in sustainability governance.,,0.9432326376651087,,0.0,0.0,0.8535704870577376
How has the understanding of Learning and Sustainability evolved since the late 1980s?,"['4\n2023 Environmental Report  \nExecutive letters\nA letter from our Senior Vice President \nof Learning and Sustainability\nI was introduced to the problem of climate change in the late \n1980s through a prescient class I took as an undergraduate. The models were less sophisticated and more uncertain than they are today, but the implications were already worrying. Thirty years later much has changed. The threat is now more immediate, but the world is also taking action—from governmental policy and technology innovation to actions by individuals and organizations—driven by a broader awareness of the danger.\nI worked on Search for 20 years, leading the product for', 'Alphabet’s Board of Directors has delegated to the Audit and Compliance Committee the primary responsibility for the oversight of many of the risks facing our businesses. The Audit and Compliance Committee reviews and discusses with management any major risk exposures, including sustainability risks, and the steps that Alphabet takes to detect, monitor, and actively manage such exposures.In 2022, Google evolved its approach to sustainability governance by creating a Sustainability Focus Area, an internal team led by our SVP of Learning and Sustainability that provides centralized management oversight of sustainability and climate-related issues.The Sustainability Focus Area includes the Chief Sustainability Officer and executives from across the company with diverse skills, from teams such as operations, products, finance, marketing, legal, communications, and policy, among others', 'About Google\n 76\nSustainab i\nlity governance  76\nRisk management  77\nStakeholder engagement  78\nPublic policy and advocacy  79\nPartnerships  83\nAwards and recognition 84\nAppendix  85\nReporting approach and methodology  86\nEnvironmental data tables 90\nEnvironmental reporting frameworks index  96\nEndnotes 101\nGlossary  1\n03\n   2\n2023 Environmental Report     3\n2023 Environmental Report  \nIntroductionExecutive letters\nSVP of Learning and \nSustainability\nChief Sustainability Officer\nHighlights\nOur sustainability strategyTargets and progress summaryEmerging opportunities\nAI for sustainability\nOur gigaton aspiration\n   4\n2023 Environmental Report  \nExecutive letters\nA letter from our Senior Vice President \nof Learning and Sustainability\nI was introduced to the problem of climate change in the late', 'that Google can make a meaningful difference beyond our own operations and value chain, and they highlight the benefits of helping individuals through our products and\xa0platforms.Our approach\nEvery day, billions of people turn to Google to ask questions, discover something new, or learn about what’s important to them. More people are interested in how to live more sustainably than ever, and our aim is to make it easier for them to do so. In 2022, searches for   \n   “solar energy,”        “electric bicycles,”   and  \n   “electric cars”   reached all-time highs.\u200923 \nThese kinds of changes to lifestyles and behavior matter: the International Energy Agency (IEA) estimates  that \naround 55% of the cumulative emissions reductions needed to achieve a net-zero global energy system by 2050 are linked to consumer choices. Yet, there’s a wide “say-do gap ” among consumers—between those who are \nconcerned about sustainability, and those who ultimately make sustainable decisions.\n\u200924', 'At Google, we believe that realizing a sustainable world means that we must accelerate the transition to a circular economy  where people, the planet, and businesses thrive. \nThis is a large and complex global challenge, but we’ve \nalways viewed a challenge as an opportunity to be helpful and make things better for everyone. \nWhile we’re excited about our journey to a circular \neconomy, we recognize that we’ll face many challenges along the way. For example:\n• Recovering and diverting resources from landfills requires robust collection and recycling infrastructure around the world, beyond what exists today.\n• The lack of financially healthy end markets and local reuse infrastructure for salvaged resources often prevents or prohibits materials from making their way back into the economy.', '26 Based on Google Trends data as of December 2022, when comparing \nglobal Google Search interest since 2013.\n27 See endnote 13 above.\n28 See endnote 6 above.\n29 See endnote 7 above.\n30 See endnote 8 above.\n31 See endnote 6 above. \n32 Nest Renew Energy Shift usage reflects the total number of hours \nthermostats enrolled in Nest Renew ran Energy Shift features to prioritize \ncleaner or cheaper energy during 2022.\n33 Nest Renew users include anyone in the continental U.S. with a 3rd \ngeneration Nest Learning Thermostat, the Nest Thermostat E, or the \nnewest Nest Thermostat connected to a Google account.\n34 See endnote 6 above.\n35 Based on Google Trends data as of December 2022, when comparing \nglobal Google Search interest since 2008.\n36 See endnote 13 above.\n37 See endnote 35 above.\n38 “Transport: Improving the Sustainability of Passenger and Freight \nTransport ,” IEA, 2022.\n39 Based on Google Trends data as of April 2023, when comparing global', 'In 2022, we audited a subset of our suppliers to verify \ncompliance for the following environmental criteria: implementation of environmental management systems, environmental permits and reporting, product content restrictions, and resource efficiency, as well as management of hazardous substances, wastewater,  solid waste, and air emissions.\nGooglers chat among indoor plants at our Pier 57 office in New York City.   79\n2023 Environmental Report  Public policy and advocacy\nWe know that strong public policy action is critical to \ncreating prosperous, equitable, and resilient low-carbon economies around the world. \nThe United Nations Framework Convention on Climate \nChange (UNFCCC)’s 2015 Paris Agreement states that humanity must “keep global temperature rise this century well below 2°C above pre-industrial levels.”\n\u2009143 Google', '37 See endnote 35 above.\n38 “Transport: Improving the Sustainability of Passenger and Freight \nTransport ,” IEA, 2022.\n39 Based on Google Trends data as of April 2023, when comparing global \nGoogle Search interest from April 2022–April 2023 to that of April 2021–\nApril 2022.\n40 See endnote 3 above.\n41 “Global EV Outlook 2023 Abstract ,” IEA, April 2023.\n42 See endnote 13 above.\n43 Based on Google Trends data as of April 2023, when comparing global \nGoogle Search interest from April 2020–April 2023 to that of April 2017–\nApril 2020.\n44 See endnote 13 above.\n45 Based on Google Trends data as of April 2023, when comparing global Google Search interest since 2004.\n46 See endnote 35 above.\n47 See endnote 43 above.\n48 See endnote 35 above.\n49 “Measuring Fashion: Environmental Impact of the Global Apparel and \nFootwear Industries Study ,” Quantis, 2018.\n50 “Digital Transformation ,” UNEP, April 2022.\n51 “Digital Decarbonisation: How the Digital Sector is Supporting Climate', 'the United States for pre-owned products, such as used and refurbished products. The journey \nahead\nWhile a single individual’s actions may seem small, when \nbillions of people have the tools to make more sustainable decisions, they add up to have a meaningful impact on their communities and the entire planet. \nWe’re excited by the opportunity to enable climate and \nenvironmental action far beyond Google’s direct impact, through information and innovation.\nLEARN MORE\n • Empowering with technology\n • Google Maps eco-friendly routing\n • Searching for sustainability with Google\n • Supporting a clean energy future with Nest Renew\n • The search for sustainability   20\n2023 Environmental Report  Working \ntogether\nWe’re working together with our \npartners and customers to advance technology for sustainabilityOur ambition\nOur approach\nSupporting partners\nInvesting in breakthrough \ninnovation\nCreating ecosystems for \ncollaboration\nThe journey ahead\n   21\n2023 Environmental Report  Our ambition', 'Climate Neutral Data Centre Pact (CNDCP)Google helped establish the Climate Neutral Data Centre Pact, a coalition of European data center operators who commit to a set of voluntary sustainability targets to set them on a path toward climate neutrality.\nEllen MacArthur Foundation (EMF)Google is a partner of the Ellen MacArthur Foundation, having joined the foundation’s network in 2015, and has co-authored a number of thought leadership white papers and case studies in areas such as safer chemistry,  \nthe deconstruction and reuse of commercial office buildings, electronics, and AI.\nEnvironmental Defense Fund (EDF) Google has partnered  with EDF to map air quality using Street View cars in the U.S., Europe, and Southeast Asia, \nand to detect methane leaks in cities since 2011.\nEuropean 24/7 HubGoogle supported the launch of the European 24/7 Hub with Eurelectric, which provides education on the', 'And for innovation, we’ll call out the many  \nplaces where AI is helping to break down  barriers and advance our work.\nOver my tenure at Google, I’ve seen how we’ve been working to integrate sustainability into our work. This transition is going to be challenging—both for us and for the world at large—and there’s no playbook for making it happen. But we see our efforts as part of a bigger picture, setting our goals to help scale global solutions, and I’m optimistic that we can, through our efforts in both information and innovation, play a helpful role in building a more sustainable and resilient future.\nBenedict  Gomes\nBenedict GomesSVP, Learning & SustainabilityGoogleBy making information accessible and \naccelerating innovation, we can help \ncreate a more sustainable future.   5\n2023 Environmental Report  \nA letter from our  \nChief Sustainability Officer\nI grew up in Muir Beach, California, and was fortunate', 'and UN-Energy  to help grow the movement to enable zero-carbon electricity. In 2022, the compact surpassed \n100 signatories.\nBonneville Environmental Foundation (BEF)Google has partnered closely with BEF since 2019 to kick off the implementation of our water strategy. In support of our 2030 replenishment and watershed health goals, it helped us to identify and support impactful water replenishment and watershed health projects globally, with a variety of local organizations and partners.\nBusiness for Social Responsibility (BSR) Google has been a member of BSR for many years and is one of a few select Spark members . We participate in \na number of BSR collaboration initiatives, and one of our senior leaders sits on its board.\nC40 CitiesC40 and Google launched  the 24/7 Carbon-Free Energy for Cities program to empower cities around the world', 'on something outside of their primary role—related to sustainability. One great example of this is Project Sunroof, which began as a 20% project back in 2015. Lastly, employees have the opportunity to learn about sustainability through internal newsletters and education campaigns.\nSupplier \nengagement\nThrough our supplier responsibility  program , we’re \nworking to build an energy-efficient, low-carbon, \ncircular supply chain that makes smart use of the Earth’s resources, protects ecosystems, and helps to combat climate change. We focus on the areas where we can make an immediate and lasting impact, such as helping our suppliers improve their environmental performance and integrate inclusivity, climate resilience, water stewardship, and circular design into our supply chain. We believe these principles can play a key role in reducing environmental impact and protecting human rights and community health.Google’s Supplier Code of Conduct includes requirements', 'systems\nIncreasing agricultural productivity and sustainability \nis imperative to feed the planet’s growing population. Modern agriculture has a significant environmental impact, such as soil degradation and biodiversity loss due to weeds, pests, diseases, herbicide resistance, and excess chemical input waste. Mineral  uses robotics, \nAI, and computer vision to create a more sustainable food production system. It’s developing perception-powered solutions with partners across the agriculture value chain—from grocery retailers and enterprise farms to equipment manufacturers and crop protection companies—to develop a better understanding of the complex interactions of plants, their growing environment, and farm management practices.Mineral is using robotics, AI, and \ncomputer vision to create a more sustainable food production system.\nTidal testing its technology at a fish farm north of the Arctic Circle.   29\n2023 Environmental Report  Creating ecosystems for collaboration', 'create a more sustainable future.   5\n2023 Environmental Report  \nA letter from our  \nChief Sustainability Officer\nI grew up in Muir Beach, California, and was fortunate \nto spend my childhood exploring its beautiful redwood forests and vibrant tidepools with my family. Today, I’m raising my daughter in these same special places, but now these delicate ecosystems are threatened, just like many other parts of the world. \nClimate change affects all aspects of society, from food \nproduction and human health to infrastructure and the economy. These impacts are interconnected and can have a cascading effect on people and the planet. The response calls for systemic, global action to reduce emissions, improve watershed health, maximize the reuse of finite resources, and protect biodiversity.\nSince Google was founded, our efforts to mitigate climate', 'Timelapse  in Google Earth is a global, zoomable  \ntime-lapse video of the planet, providing a clearer picture \nof Earth’s dynamic change since 1984—not just problems,  but also solutions, as well as beautiful natural phenomena that unfold over decades—from irrigation systems emerging in the deserts of Egypt to volcanic eruptions, logging, and wildfires changing the landscape of California’s Lassen National Forest  and glaciers retreating  \nin Sermersooq, Greenland  (see Figure 9). \nThe imagery also captures how cities have adapted to combat climate change—like offshore wind farms in Middelgrunden, Denmark  and a large-scale solar \ninstallation in Granada, Spain .FIGURE 9\nGlacier retreat in Sermersooq, Greenland, seen from Timelapse in Google Earth. \n1984\n2022   27\n2023 Environmental Report  Data Commons\nSustainability data is fragmented across thousands of silos, \nin many formats and schemas, and across a multitude of databases. In 2017, we started the Data Commons', 'time wildfire boundaries in Search and Maps are available in cities around the world 100s of sources\nof sustainability data, from most OECD countries , aggregated by \nData Commons—making data more accessible and useful for addressing sustainability challenges\nOperating  \nsustainably10+ GW\nof clean energy  generation capacity from \nmore than 80 signed agreements from 2010 to 2022—the equivalent capacity of more than 31 million solar\xa0panels271 million gallons\nof water  replenished as of the end of 2022—\nequivalent to more than 400 Olympic-sized swimming pools100%\nof Pixel, Nest, and Chromecast devices launched in 2022 include recycled materials\n\u20099 44 acres\nof native habitat  restored on our  \nBay Area campuses as of the end  of 2022   7\n2023 Environmental Report  \nOur \nsustainability strategy\nWe believe Google has a unique \nopportunity that extends beyond  \nmanaging the environmental impacts  of our own operations and value chain.\nBy making information accessible and by driving', 'Footwear Industries Study ,” Quantis, 2018.\n50 “Digital Transformation ,” UNEP, April 2022.\n51 “Digital Decarbonisation: How the Digital Sector is Supporting Climate \nAction ,” Implement Consulting Group, 2022.\n52 “68% of the World Population Projected to Live in Urban Areas by 2050, \nSays UN ,” United Nations Department of Economic and Social Affairs, May \n2018.\n53 SDG Indicators , United Nations: Unstats, 2022.\n54 “Izmir Sustainable Energy Climate Action Plan ,” AECOM, 2020.\n55 See endnote 18 above.\n56 “Spreading Like Wildfire: The Rising Threat of Extraordinary Landscape \nFires ,” UNEP, 2022. \n57 Our “Deep Learning for High-Resolution Wildfire Modeling ” research was \npresented at the 2022 International Conference for Forest Fire Research .\n58 “Number of deaths due to floods worldwide from 1960 to 2020 ,” Statista, \nApril 2023.\n59 “Partnering with Member States ,” UNEP, 2021.\n60 Pitney Bowes Parcel Shipping Index , 2021.\n61 “Retail Speaks ,” McKinsey & Company, 2021.']","Since the late 1980s, the understanding of Learning and Sustainability has evolved significantly. Initially, the models used to understand climate change were less sophisticated and more uncertain, but the implications were already concerning. Over the past thirty years, the threat of climate change has become more immediate, prompting a broader awareness and action from governments, organizations, and individuals. 

In recent years, companies like Google have integrated sustainability into their governance structures, creating dedicated teams to oversee sustainability and climate-related issues. This evolution reflects a shift towards a more proactive approach in managing sustainability risks and promoting sustainable practices across various sectors. Additionally, there has been a notable increase in public interest in sustainable living, as evidenced by rising search trends for sustainable technologies and practices.

Overall, the understanding of Learning and Sustainability has transitioned from a focus on awareness and basic models to a more comprehensive and action-oriented approach, emphasizing collaboration, innovation, and the integration of sustainability into everyday decision-making.","Since the late 1980s, the understanding of Learning and Sustainability has evolved significantly. Initially, the models regarding climate change were less sophisticated and more uncertain, but over the years, the threat has become more immediate. There is now a broader awareness of the dangers posed by climate change, leading to actions from governmental policy, technology innovation, and initiatives by individuals and organizations.",,0.9999999999999999,,1.0,0.44,0.973247232660361
How Google get to carbon neutrality and what they do for environment?,"['in four key ways: accelerating the transition to a net-zero carbon future, advancing water stewardship, building a circular economy, and protecting nature and biodiversity.Our \noperations\nGoogle uses energy, natural resources, and products \nand services to build our workplaces, data centers, and consumer hardware products. At the end of 2022, we had offices and data centers in roughly 200 cities  and nearly \n60 countries  around the world. We also had two retail \nstores, both in New York City.\nThe products and services that our customers and users \nrely on—like Gmail, Google Cloud, Search, and YouTube—are powered by our data centers and networking infrastructure. At the end of 2022, we had 28 Google-owned and -operated data center campuses across 24 data center locations\n\u200965 on four continents, as well as more \nthan 30 Google Cloud regions . In addition to our Google-\nowned and -operated data centers, we use additional third-party-operated data centers as well.', '“solar energy,”       “electric bicycles,”    and  \n   “electric cars”   reached all-time highs.\u200913 People are \ninterested in how to live more sustainably, and our goal is to make it easier for them to do so. Features like eco-friendly routing in Google Maps leverage AI to help people get to their destinations as quickly as possible while minimizing fuel or battery consumption. Eco-friendly routing has helped prevent 1.2 million metric tons of estimated carbon emissions since launch—equivalent to taking approximately 250,\n000 fuel-based cars off the road for a year.\u200914 \nAdditionally, for over a decade, our Nest Learning Thermostats have used machine learning (ML) to help people save energy and money at home. From 2011 to 2022, Nest thermostats have helped customers cumulatively save more than 113 billion kWh of energy\n\u200915—more than double Portugal’s annual electricity \nconsumption\u200916 and equivalent to avoiding an estimated  \n36 million tCO2e emissions.\u200917', 'that Google can make a meaningful difference beyond our own operations and value chain, and they highlight the benefits of helping individuals through our products and\xa0platforms.Our approach\nEvery day, billions of people turn to Google to ask questions, discover something new, or learn about what’s important to them. More people are interested in how to live more sustainably than ever, and our aim is to make it easier for them to do so. In 2022, searches for   \n   “solar energy,”        “electric bicycles,”   and  \n   “electric cars”   reached all-time highs.\u200923 \nThese kinds of changes to lifestyles and behavior matter: the International Energy Agency (IEA) estimates  that \naround 55% of the cumulative emissions reductions needed to achieve a net-zero global energy system by 2050 are linked to consumer choices. Yet, there’s a wide “say-do gap ” among consumers—between those who are \nconcerned about sustainability, and those who ultimately make sustainable decisions.\n\u200924', 'commitments to the grid, a full day in advance.  \nSustainability partner \nsolutions\nPartner solutions are important to scale the impact for our \ncustomers and help them get the support they need, from processing ESG data to reducing carbon emissions. This is why we launched Google Cloud Ready – Sustainability, a designation to validate and promote sustainability partner solutions built on Google Cloud.\nGreat Western wind farm in Oklahoma \n(225 MW for G\noogle)   26\n2023 Environmental Report  Researchers, academics, \nand NGOs\nWe’re providing cutting-edge climate- and nature-related \ndata and analytics to scientific researchers from academic institutions and NGOs. This support is enabling advances in the most complex areas of their fields, applying AI, machine learning, and geospatial analytics at a global scale to accelerate the shift to a sustainable future.   \nPlanetary-scale platforms', 'The opportunity we have through our products and \nplatforms is reflected in our updated environmental sustainability strategy, which focuses on where we can make the most significant positive impact. Our work is organized around three key pillars: empowering individuals to take action, working together with our partners and customers, and operating our business\xa0sustainably.\nIn 2022, we reached our goal to help 1 billion people \nmake more sustainable choices through our products. We achieved this by offering sustainability features like eco-friendly routing in Google Maps, energy efficiency features in Google Nest thermostats, and carbon emissions information in Google Flights. Looking ahead, our aspiration is to help individuals, cities, and other partners collectively reduce 1 gigaton of their carbon equivalent emissions annually by 2030.\n\u20092', 'Global searches for \n   “e-bikes”   have doubled over \nthe past three years.\u200943 In 2022, we added over 90,000 \nkilometers (56,000 miles) of bike lanes  and bikeable \nroads  to Google Maps. Individuals can also find nearby \nbike and scooter shares in over 400 cities around  \nthe world.\nWe’re also helping people get from point A to point B  \non foot. Google Maps offers turn-by-turn directions  \nfor pedestrians, with Immersive View and Street View offering route previews, and Live View , which uses \naugmented reality to display arrows and directions  clearly overlaid on the map.\n2022 HIGHLIGHT\nGoogle Maps provides, on average, \nmore than 2 billion kilometers  (1.2 billion miles) of public transit results per day.Long-distance travel\nWhen individuals search in Google Flights, they now see \ncarbon emissions estimates  for nearly every flight, right', 'I worked on Search for 20 years, leading the product for \nmany of those, and learned a lot about the unique impact Google can have on the world. I’ve always been proud of Google’s leadership in pushing the boundaries of sustainability in our data centers, including achieving carbon neutrality in 2007 (at the time, such accomplishments were uncommon). Going further, we’ve matched 100% of our global electricity use with renewable energy purchases for the last six years—a goal that seemed almost crazy when we set it in 2012. \nToday our ambitions have evolved—we now have a bold', 'We’re also engaging with individuals on climate and other environmental topics via YouTube . On Earth Day 2022, \nwe launched a Non-Fungible Planet campaign, where we teamed up with environmental non-profits, creators, and other organizations to show what makes Earth so special and worth protecting. They journeyed to one-of-a-kind locales and created videos to highlight the stress our environment is under and what we can do to help. In 2022, YouTube also held our first ever Creators for Climate Action summits, one in New York and one with TED Countdown  in London. \nTo stay safe during extreme weather events, people often \nturn to the internet with questions. For example, global search interest in \n  “heat waves”   reached an all-time \nhigh in July 2022.\u200944 To surface authoritative and helpful \ninformation in these moments, we’re providing information through Search alerts on flooding , wildfire boundaries , and \nextreme heat . More details on how AI enables these alerts', 'Empowering individuals:  \nA parking lot full of electric vehicles lined up outside a Google office, \nplugged into charging stations.\nWorking together:  \nSatellite-derived Earth Engine image showing seasonal agricultural peaks \nnear the Columbia and Snake Rivers in Washington state. The perfectly round fields are center pivot irrigated corn and wheat maturing in different months. Data source: Landsat 8, U.S. Geological Survey.\nOperating sustainably:  \nA view of our Bay View campus with the events center in the foreground \nand a Google brandmark sculpture. (Photo: Iwan Baan)\nNet-zero carbon:  \nGolden Hills wind farm in California (43 MW for Google)\nWater stewardship:  \nOur Bay View campus, as seen from across its stormwater retention pond. (Photo: Iwan Baan)\nCircular economy:  \nA closeup of many small, broken circuit boards in a pile. Our approach', 'use plastics in our operations.\nIn 2022, the global landfill diversion rate for our offices \nwas 75% . To ensure that what we keep out of landfills can \nactually be recovered, we prioritize diverting high-quality materials and only count non-contaminated recyclable material.\n\u2009110\nFood waste\nGlobal searches for     “how to reduce food waste ”     \nhave more than doubled over the most recent five-year period compared to the previous five-year period,\n\u2009111 \nreaching a 15-year high in 2022.\u2009112 When food waste ends \nup rotting in landfills, it generates methane—a greenhouse gas that’s 25 times more potent than carbon dioxide.\n\u2009113 \n What’s more, when food goes to waste, so do all of the water, energy, and other resources that went into producing it.\nTo achieve a low-carbon circular economy, we need \nto collectively cut back on food waste. At Google, that means doubling down  on our efforts to reduce waste in \nour kitchens, cafes, and overall food operations.Our goal', 'See hybrid and electric vehicle options on Google Search\nWhen people search for car models and brands, we tag hybrid and electric options to make them easier to find.  \nAnd when people look into a specific EV, we show compatible charging stations nearby and typical charge times.\n   14\n2023 Environmental Report  Helping people make more  \nsustainable choices\nIn 2020, we announced a goal to help 1 billion people make \nmore sustainable choices through our products by 2022. We’re pleased to share that we reached that goal in 2022, through innovative solutions offered to users, including:\n • Google Nest: Programmable energy efficiency \nschedules for homes that can help users save energy, money, and carbon emissions throughout the day. • Google Maps:  Eco-friendly routing feature that shows \nusers the most fuel-efficient route, based on factors such as traffic and road incline.\n • Google Travel:  Users can see associated carbon', '15—more than double Portugal’s annual electricity \nconsumption\u200916 and equivalent to avoiding an estimated  \n36 million tCO2e emissions.\u200917 \nOptimization: Bringing carbon-efficient computing to customers and partners.  We’ve made significant \ninvestments in cleaner cloud computing by making our data centers some of the most efficient in the world and sourcing more carbon-free energy. We’re helping our customers make real-time decisions to reduce emissions, and mitigate climate risks with data and AI. For example, Google Cloud customers can reduce their cloud footprint with a feature called Active Assist, which uses machine learning to identify unused (and potentially wasteful) workloads that could reduce carbon emissions if\xa0removed.\nOur planet, as seen via Google Earth ©2020 Landsat / Copernicus\nWe believe that AI is a foundational and transformational technology that will provide compelling and helpful', 'A Sorta Sunny color Pixel 6 Pro lies face-down on a table next to a variety of spare parts and iFixit-branded  \nrepair tools. (Photo courtesy Andy Miller of iFixit )\nProduct longevity\nCreating truly sustainable electronics includes crafting experiences that guide consumers through the care, repair, reuse, and recycling of their products. While there’s much more work to do, we’ve taken some initial steps in understanding consumers’ and organizations’ needs and creating new services for them.\nIt all starts with making sure products last long to begin \nwith. Enabling security updates and bug fixes helps promote product longevity. For Google Nest, we issue critical bug fixes and patches for at least five years after launch. Pixel 6 and later Pixel phones will get securityupdates for five years from when they first become available on the Google Store in the United States.\n\u2009130', '2\nAfter two years of condensed reporting, we’re sharing a deeper dive into our approach in one place in our 2023 Environmental Report. In 2022, we continued to make measurable progress in many key ways, such as:\n• We enhanced and launched new sustainabilityproduct features , such as eco-friendly routing in\nMaps, which is estimated to have helped preventmore than 1.2 million metric tons of carbon emissionsfrom launch through 2022—equivalent to takingapproximately 250,000 fuel-based cars off the roadfor a year.\n\u20093\n• We expanded the availability of Google EarthEngine —which provides access to reliable, up-to-\ndate insights on how our planet is changing—toinclude businesses and governments worldwide as anenterprise-grade service through Google Cloud.• We opened our new Bay View campus , which is\nall-electric, net water-positive, restores over 17 acresof high-value nature, and incorporates the leadingprinciples of circular design.', 'When individuals search in Google Flights, they now see \ncarbon emissions estimates  for nearly every flight, right \nnext to price and duration (see Figure 6). Lower emissions flights are labeled with a green badge, and results can  be sorted or filtered by carbon impact. If people want to  view only flights that have lower emissions compared to the average for similar trips, they can simply tap the  “Less emissions only ” filter. In 2022, we expanded \ncoverage of carbon emissions estimates to 99% of itineraries on Google Flights. \nFIGURE 6\nGoogle Flights emissions estimates\nWe also cre\nated the Travel Impact Model (TIM) ,  \na public and freely accessible methodology for predicting the per-passenger CO\n2 emissions produced by an \nupcoming flight. Today, the TIM powers the emissions estimates you see on Google Flights , as well as select', 'Climate Neutral Data Centre Pact (CNDCP)Google helped establish the Climate Neutral Data Centre Pact, a coalition of European data center operators who commit to a set of voluntary sustainability targets to set them on a path toward climate neutrality.\nEllen MacArthur Foundation (EMF)Google is a partner of the Ellen MacArthur Foundation, having joined the foundation’s network in 2015, and has co-authored a number of thought leadership white papers and case studies in areas such as safer chemistry,  \nthe deconstruction and reuse of commercial office buildings, electronics, and AI.\nEnvironmental Defense Fund (EDF) Google has partnered  with EDF to map air quality using Street View cars in the U.S., Europe, and Southeast Asia, \nand to detect methane leaks in cities since 2011.\nEuropean 24/7 HubGoogle supported the launch of the European 24/7 Hub with Eurelectric, which provides education on the', 'And at X, Alphabet’s “moonshot factory ,” our teams are \ndeveloping cutting-edge technology that aims to solve \nproblems for millions of people and change systems worldwide. Climate-related projects comprise more than half of X’s current moonshots, which include experiments in ocean health, carbon sequestration, clean energy, wildfire awareness, waste reduction, and sustainable agriculture. X is using what they’ve learned from a decade of climate projects to shape the work they’re doing now. \nClean electricity\nTapestry  aims to unlock access to clean, reliable, and \naffordable electricity worldwide by providing greater insight into our increasingly dynamic and complex electricity system. As X’s moonshot for the electric grid ,', 'Our approach\nSupporting partners\nInvesting in breakthrough \ninnovation\nCreating ecosystems for \ncollaboration\nThe journey ahead\n   21\n2023 Environmental Report  Our ambition\nWe believe that Google has a unique \nopportunity that extends beyond reducing \nthe environmental impacts of our own \noperations and value chain. By organizing \ninformation about our planet and making \nit actionable through technology and \nplatforms, we can help partners and \ncustomers create even more positive impact.\nDigital technologies  play a critical role in industry \ntransitions, allowing us to measure and track sustainability \nprogress, optimize the use of resources, reduce \ngreenhouse gas emissions, and enable a more circular \neconomy.\u200950 Cloud computing and digital technologies \nunderpin the transformation in many sectors, such as \nenergy, transportation, and agriculture. Research  that \nwe commissioned in 2022 found that 20%–25% of what’s \nrequired for the EU’s 2050 net-zero goal requires some', '40 Since the most fuel-efficient route will vary by engine type, d\nrivers using eco-friendly routing in Europe, Egypt, \nthe U.S., and Canada can now select their engine type—petrol or gas, diesel, hybrid, or electric vehicle (EV)—in order to get the best route and most accurate fuel or energy efficiency estimates.\nElectric vehicles\nEVs accounted for nearly 14% of new global car sales in 2022,\n\u200941 and global search interest for    “electric vehicles”      \nreached an all-time high in 2022.\u200942\nFor people considering purchasing a new vehicle, we want to make it easy to understand when switching to a hybrid or electric vehicle makes sense for them. Search can help people figure out how much they can save by going electric by providing fuel savings estimates and information about how similar cars compare in range and emissions . We also sh\n ow which models qualify in \nthe U.S. under the latest government rebate  programs']","Google has achieved carbon neutrality and is actively working towards environmental sustainability through several key initiatives:

1. **Carbon Neutrality**: Google became carbon neutral in 2007 and has matched 100% of its global electricity use with renewable energy purchases for the last six years. This commitment to renewable energy is a cornerstone of their sustainability efforts.

2. **Sustainable Operations**: Google focuses on operating sustainably by enhancing the efficiency of its data centers and reducing carbon emissions. They have made significant investments in cleaner cloud computing and have implemented features like Active Assist to help customers reduce their cloud footprint.

3. **Empowering Individuals**: Google aims to help individuals make more sustainable choices through its products. For example, features like eco-friendly routing in Google Maps have helped prevent an estimated 1.2 million metric tons of carbon emissions. Additionally, Google Nest thermostats have enabled users to save significant amounts of energy.

4. **Water Stewardship and Circular Economy**: Google is committed to advancing water stewardship and building a circular economy. They prioritize reducing waste in their operations, achieving a 75% landfill diversion rate in 2022, and are focused on minimizing food waste in their kitchens and cafes.

5. **Partnerships and Innovation**: Google collaborates with various organizations to enhance sustainability efforts, such as the Climate Neutral Data Centre Pact and partnerships with environmental NGOs. They also invest in innovative technologies through their ""moonshot factory,"" X, which focuses on climate-related projects.

6. **Public Engagement**: Google engages the public on climate issues through platforms like YouTube, promoting awareness and action on environmental topics.

Overall, Google's approach combines operational sustainability, innovative technology, and public engagement to contribute to a more sustainable future.","Google achieved carbon neutrality in 2007, which was uncommon at the time. They have also matched 100% of their global electricity use with renewable energy purchases for the last six years, a goal that seemed almost crazy when they set it in 2012.",,0.9216299887438141,,,0.32,0.895227172462433
How do we achive carbon-free enery?,"['2023 Environmental Report  Advancing carbon-free energy\nOur primary approach for reducing our Scope 2 emissions \nis through the procurement of carbon-free energy.\u200983 Since \n2017, we’ve matched 100% of the electricity consumption of our global operations with purchases of renewable energy on an annual basis.\n\u200984 \nHowever, because of differences in the availability of renewable energy sources like solar and wind across the regions where we operate—and because of the variable supply of these resources—we still need to rely on carbon-emitting energy sources that power local grids (see Figure 15). That’s why, in 2020, we set a goal to run on 24/7 carbon-free energy on every grid where we operate by 2030, aiming to procure clean energy to meet our electricity needs, every hour of every day, within every grid where we operate. Achieving this will also increase the impact of our clean energy procurement on the decarbonization of the grids that serve us.', 'FIGURE 25\nHow we’re restoring native habitats in Silicon ValleyWe’ve established  landscape design practices that ensure \necologically-designed landscapes thrive over the long term, primarily through our internal Habitat Design Guidelines. The guidelines help landscape designers leverage plant choices and layout to maximize wildlife habitat value. They include detailed guidelines on native plant palettes, planting structure and density, plant requirements, maintenance requirements, and bird-safe practices. To promote wider use and impact of these guidelines, we sponsored the publication of a public version  that’s freely available for', 'Availability of carbon-free energy\n• There are often long lead times between our investments and resulting GHG reductions. For example, with new wind and solar projects, it can take years before projects that we contract are constructed and begin to generate clean electricity. \n• System-level decarbonization is proceeding more slowly than needed in many regions and sectors, and while we aim to accelerate these changes through our efforts and engagement, they aren’t within our control.\nUse of carbon removals\n• Because the carbon removals sector is in the earliest stage of development, costs are currently high, and there are limited volumes of removals available for purchase.\n\u200968', 'Clean energy\nBecause electricity grids tend to be cleaner at certain times of day, when  we use electricity can be as important \nas how much  electricity we use. That’s why we launched \nNest Renew in the United States to help individuals automatically shift their energy consumption to times of day when local grid electricity is cleaner or less expensive Features such as Energy Shift gather local power grid emissions forecasts and identify opportunities where heating or cooling a home slightly earlier or later would mean taking advantage of cleaner energy. These small actions add up; as of December 2022, we estimate that Energy Shift\n\u200932 has already helped Nest Renew users\u200933 \ncollectively prioritize cleaner energy usage for more than 110 million hours. \nFor people who want to do more to support the growth', 'Environmental Protection Agency, accessed 2022.\n82 See endnote 81 above.\n83 Carbon-free energy is any type of electricity generation that doesn’t \ndirectly emit carbon dioxide, including (but not limited to) solar, wind, \ngeothermal, hydropower, and nuclear. Sustainable biomass and carbon \ncapture and storage (CCS) are special cases considered on a case-by-case \nbasis, but are often also considered carbon-free energy sources.\n84 Alphabet’s renewable energy methodology is a custom calculation and is \nbased on a global approach. Percentage of renewable energy is calculated \non a calendar-year basis, dividing the volume of renewable electricity \n(in megawatt-hours) procured for our global operations (i.e., renewable \nenergy procured through our PPA contracts, on-site renewable energy \ngeneration, and renewable energy in the electric grids where our facilities \nare located) by the total volume of electricity consumed by our global', 'Data \ncenter\nelectricity\ndemandJanuary 1 December 31Legend\nGaps in carbon-free energy\nCarbon-free energy supplyPurchasing  \ncarbon-free energy\nAchieving 24/7 CFE is far more complex and technically \nchallenging than annually matching our energy use with renewable energy purchases. No company of our size  has achieved 24/7 CFE before, and there’s no playbook  for making it happen. But we see our efforts as part of a bigger picture, and we’ve set this ambitious goal to help scale new, global solutions. We’re excited to see others—like the U.S. federal government —set similar goals as well.Renewable energy \nprocurement\nWe buy electricity directly from new wind and solar farms \nvia long-term PPAs on the grids where we operate, and we also buy renewable power through utilities via renewable energy purchasing models that we helped create.\nFrom 2010 to 2022, we signed more than 80 agreements', '85We’re working to achieve 24/7 CFE through three main initiatives: purchasing carbon-free energy , accelerating \nnew and improved technologies , and transforming the \nenergy system  through partnerships and advocacy.\nFIGURE 15\nHourly carbon-free energy performance at an example data center\nWhile Google buys large amounts of wind and solar power (symbolized by green spikes \nbelow), these resources are variable, meaning that our data centers still sometimes rely on carbon-based resources. \nData \ncenter\nelectricity\ndemandJanuary 1 December 31Legend\nGaps in carbon-free energy\nCarbon-free energy supplyPurchasing  \ncarbon-free energy\nAchieving 24/7 CFE is far more complex and technically', 'Bolands Mills  \nin Dublin, Ireland\nOur Bolands Mills office is the reincarnation of a 150-year-old flour mill, repurposed as a workspace for Googlers. There are plans for a public ground-floor food market that will reforge visitors’ connection to food. With Bolands Mills, we have the opportunity to preserve an iconic heritage site while creating a place that will support Google and the neighborhood for years to come.\n   60\n2023 Environmental Report  Workplace Operations\nWe take a holistic approach to circularity in our offices, \nstarting with designing buildings for zero-waste operations. Not only do we strive to divert solid waste from landfills and incinerators for office operations, but we also aim to minimize the amount of materials we use and maximize their lifespan within our ecosystem and the surrounding community. We have ambitious targets for food loss and waste , and we’re working to reduce single-\nuse plastics in our operations.', 'the-clock carbon-free energy. \nCFE for commercial real estate faces different challenges, \nincluding variability in building characteristics, work patterns, and geographic locations with a broad range of electricity grid carbon intensities. In addition to helping us achieve our own climate goals, pursuing CFE for our offices can help expand clean energy options in the cities we call home. \nGolden Hills wind farm in California (43 MW for Google)\n   44\n2023 Environmental Report  FIGURE 18\nGlobal data center carbon-free energy map\nCHILE\n90%TENNESSEE\n63%\nOREGON\n89%\nOKLAHOMA\n87%IOWA\n96%\nNEBRASKA\n87%\nNEVADA\n27%\nTEXAS\n41%UTAH\n31%IRELAND\n39%\nBELGIUM80%NETHERLANDS57%\nALABAMA\n63%JAPAN\n16%\nGEORGIA\n40%SOUTH CAROLINA26%NORTH CAROLINA63%VIRGINIA60%\nTAIWAN18%FINLAND97%DENMARK90%\nSINGAPORE\n4%OHIO60%\n100% match with \ncarbon-free energy\n0% match with\ncarbon-free energyMidnight\n12:0006:00 18:00How to read clocks\nExampleIn 2022, Google reached 64%', 'Clean energy is also critical to reducing emissions across \nour value chain. Procuring carbon-free energy has a significant impact on reducing our Scope 2 emissions by eliminating emissions associated with our electricity use. In addition, a significant share of our Scope 3 emissions can be traced back to the electricity grids that power our suppliers and users, so accelerating the decarbonization of electricity grids is also key to our net-zero goal. For more information, see the Carbon-free energy  section.\nTARGET\nReduce 50% of our \ncombined Scope 1, 2 (market-based), and 3 absolute GHG emissions before 20302022 PROGRESS\nTotal GHG emissions: 10.2 million tCO\n2e*\n*Due to a methodology change, we’re not reporting\na percent progress towards this target for 2022\nDETAILS', '2030 (24/7 CFE). We’ve been working hard to transition our operations and the electricity grids that serve us to cleaner sources of power, through a combination of clean energy procurement, technology innovation, and policy advocacy. And we expect our work to decarbonize electricity grids where we operate to contribute to decarbonization across our value chain as well.\nCharting our path\nAchieving net-zero emissions and 24/7 CFE by 2030 are extremely ambitious goals—what we call “moonshots.” We also know that our path to net-zero emissions won’t be easy or linear; it may require us to navigate significant uncertainty and deploy new systems and technologies across our business. Some of our plans will take years to deliver their full results, particularly where they involve building new large-scale infrastructure with long lead times. So as our business continues to evolve, we expect our emissions to rise before dropping towards our absolute emissions reduction target.', '• Optimizing generation from existing CFE technologies: To reduce the carbon footprint of  \nour new Bay View and Charleston East campuses, we designed and installed “ dragonscale ,” a new solar \nroofing technology that helps us power our facilities through on-site generation. Learn more in our  Bay View spotlight .\n • Managing energy demand across our global operations: We developed a “carbon-intelligent computing platform” that optimizes the timing and location of computing tasks based on local CFE availability. This allows us to shift some of our data centers’ computing tasks to the times of day when local solar and wind power are most plentiful, and  to shift tasks geographically  across data centers so \nthat we can do more computing in regions where  CFE is abundant.\n • Accelerating next generation energy sources:  \nIn 2021, we signed the first corporate agreement to develop a next-generation geothermal  power project,', 'Google works with suppliers around the world. The electricity grids in many countries where our suppliers operate lack sufficient carbon-free energy capacity to support rapidly growing demand, and may even face energy shortages that affect not just manufacturing but also the communities and livelihoods of the people in these regions. Our long-term vision is that all of our suppliers—for hardware manufacturing, transport, logistics, and indirect services—and their communities have access to reliable, cost-effective, carbon-free energy. And we’ll get there only through significant global investment in new wind, solar, and other clean energy capacity, as well as more robust grid systems.In addition to purchasing renewable energy for our own operations, we also make targeted investments in renewable energy. Investment in renewable capacity is a scalable approach to creating system-level change by driving grid decarbonization and enabling greater access to carbon-free energy', 'The world’s plastic pollution  problem is a large and \ncomplex challenge—more than 91% of plastic isn’t recycled, and the majority is left sitting in landfills or littering our oceans and communities.\n\u2009115 Reducing plastic \nwaste requires entire industries to come together and take more meaningful action. At Google, that means rethinking our approach to the way we source products, serve food, and reduce our waste.\nImproving our plastics footprint isn’t as simple as not \nbuying single-use plastics. To reduce single-use plastics (upstream) and bridge the infrastructure gaps for recycling and composting (downstream), we need to activate the entire food ecosystem, from manufacturers to distributors to waste management companies. \nWe do this by working with vendors and suppliers to \navoid or phase out products with single-use plastics; rethinking how we handle, store, prepare, and serve  food and beverages; and using fully recoverable materials that are recyclable or compostable.', '• Cost and limited volumes of carbon removals\nFor more details, see the Challenges to address  section above.\nWe also know we can’t get there alone. To scale our  \nwork, we’ve created tools, white papers, and case studies to help others adopt some of the approaches that have worked for us.\n • The CFE manager: A new model for driving decarbonization impact\n • Time-based energy attribute certificatesThe clean energy transition also requires strong actions from governments, and we call for ambitious public policies aimed at decarbonizing electricity grids worldwide.\n • Policy recommendations to accelerate  \ncarbon-free energy\nUltimately, achieving a carbon-free future for all requires rapid and far-reaching transformations to these systems, and as we grow our efforts towards net-zero emissions for our own footprint, we’ll prioritize actions where we can make unique contributions and maximize our impact on larger systems change. \nLEARN MORE', 'Our approach\nOur core business involves using data to solve hard problems, and our unique strength is combining engineering skills with an innovative mindset and a global reach.\nThere are three main focus areas that make up our approach to our net-zero goal: reducing emissions across our operations and value chain, advancing carbon-free energy, and addressing our residual emissions with carbon removals (see Figure 10).\nFIGURE 10 Our net-zero approach\nCarbon reduction\nReduce emissions across our \noperations and value chainCarbon-free energy\nAdvance carbon-free energy across \nour operations and value chain Carbon removals\nAddress our residual emissions  \nwith carbon removals   35\n2023 Environmental Report  Measuring our carbon footprint\nWe began calculating our annual carbon footprint in 2006. \nEvery year since 2009, we’ve publicly reported the results to CDP , a global organization that asks companies to \ndisclose information on their GHG emissions performance and management.', 'We’re also engaging with individuals on climate and other environmental topics via YouTube . On Earth Day 2022, \nwe launched a Non-Fungible Planet campaign, where we teamed up with environmental non-profits, creators, and other organizations to show what makes Earth so special and worth protecting. They journeyed to one-of-a-kind locales and created videos to highlight the stress our environment is under and what we can do to help. In 2022, YouTube also held our first ever Creators for Climate Action summits, one in New York and one with TED Countdown  in London. \nTo stay safe during extreme weather events, people often \nturn to the internet with questions. For example, global search interest in \n  “heat waves”   reached an all-time \nhigh in July 2022.\u200944 To surface authoritative and helpful \ninformation in these moments, we’re providing information through Search alerts on flooding , wildfire boundaries , and \nextreme heat . More details on how AI enables these alerts']","To achieve carbon-free energy, we can follow several key strategies:

1. **Procurement of Renewable Energy**: This involves purchasing electricity from renewable sources such as solar, wind, geothermal, hydropower, and nuclear. Companies can match their electricity consumption with renewable energy purchases, as seen in efforts to match 100% of electricity consumption with renewable energy annually.

2. **24/7 Carbon-Free Energy Goals**: Setting ambitious goals to run on carbon-free energy every hour of every day within every operational grid. This requires a shift from merely matching annual energy use with renewable purchases to ensuring that energy consumption aligns with the availability of clean energy at all times.

3. **Investment in New Technologies**: Accelerating the development and deployment of new and improved technologies that can generate or utilize carbon-free energy more efficiently.

4. **Energy Demand Management**: Optimizing energy use by shifting consumption to times when renewable energy is more abundant, such as using smart technologies to manage energy demand based on local grid conditions.

5. **Partnerships and Advocacy**: Collaborating with other organizations, governments, and stakeholders to advocate for policies that support the decarbonization of electricity grids and promote the growth of renewable energy sources.

6. **Investment in Renewable Capacity**: Making targeted investments in renewable energy projects to drive system-level change and increase access to carbon-free energy.

By implementing these strategies, organizations can significantly reduce their carbon emissions and contribute to a broader transition towards a carbon-free energy future.","To achieve carbon-free energy, we have set a bold goal to run on 24/7 carbon-free energy on every grid where we operate as part of our ambition to reach net-zero emissions across all of our operations and value chain.",,0.9448131640985332,,,0.12,0.8680038068274907
How can Google's mission contribute to addressing climate challenges and promoting sustainability?,"['Beyond our own footprint, Google’s founding mission—\n“Organize the world’s information and make it universally accessible and useful”—can play a very important role in accelerating progress in climate information and action. A sustainable future will be built upon billions of decisions made by governments, organizations, and individuals, which will need to be grounded in good information. Increasingly, we see through Google Trends that more and more people are looking for ways to live sustainably. I believe that we have many strengths and capabilities in providing quality information that people are seeking to make decisions that’ll drive positive action for our planet.\nHelpful information  can be critical in both efforts to reduce \nemissions as well as adapt to extreme climate events like', 'Our water stewardship strategy  is centered on \nassessing and addressing water-related risks to our \nbusiness and the opportunities we have to not just mitigate those risks, but also create solutions that can be scaled beyond our own corporate footprint. We also strive to partner with others to address this shared challenge.\nWhen it comes to addressing shared water challenges, \ntechnology can be a useful tool to bring visibility to these challenges to enable smarter, more informed decision-making. We’re building tools to make water data and technology universally accessible, enabling effective water stewardship and improving the resilience of watersheds and ecosystems.   50\n2023 Environmental Report  Advancing responsible water use\nWe’re committed to advancing and enhancing our water \nmanagement practices across our operational footprint  \nat Google’s offices and data centers around the world.  \nWe continue to collaborate, test, and share our learnings', 'of over 140 partner organizations.\nThe Google.org Impact Challenge on Climate Innovation supports breakthrough projects that use data and technology to \naccelerate climate action.\nThe journey ahead\nFrom measuring and monitoring changes on the Earth’s surface, improving forecast and prediction models for flooding and wildfires, optimizing operations, combining disparate data sources, and designing more efficient products, we continue to leverage our expertise in technology and apply the latest advancements to help solve global challenges.\nWe believe that by working together with our partners and \ncustomers, we can make a real difference in addressing the challenges of climate change and ecosystem degradation. LEARN MORE\n• Data Commons\n• Environmental Insights Explorer\n• Google Cloud sustainability\n• Google Earth Engine\n• Sustainability-focused accelerators   31\n2023 Environmental Report  Operating \nsustainably\nWe’re showing the way forward \nthrough our own operationsOur ambition', 'Our planet, as seen via Google Earth ©2020 Landsat / Copernicus\nWe believe that AI is a foundational and transformational technology that will provide compelling and helpful \nbenefits to people and society through its capacity to assist, complement, empower, and inspire people in almost every field of human endeavor. It has the potential to contribute to tackling some of society’s most pressing challenges and opportunities—among these, climate and sustainability, where we’re researching and innovating to help unlock scientific discoveries and to assist people in making informed choices and communities impacted by climate change. \nWe believe that getting AI right—which to us involves innovating and delivering widely accessible benefits to', 'that Google can make a meaningful difference beyond our own operations and value chain, and they highlight the benefits of helping individuals through our products and\xa0platforms.Our approach\nEvery day, billions of people turn to Google to ask questions, discover something new, or learn about what’s important to them. More people are interested in how to live more sustainably than ever, and our aim is to make it easier for them to do so. In 2022, searches for   \n   “solar energy,”        “electric bicycles,”   and  \n   “electric cars”   reached all-time highs.\u200923 \nThese kinds of changes to lifestyles and behavior matter: the International Energy Agency (IEA) estimates  that \naround 55% of the cumulative emissions reductions needed to achieve a net-zero global energy system by 2050 are linked to consumer choices. Yet, there’s a wide “say-do gap ” among consumers—between those who are \nconcerned about sustainability, and those who ultimately make sustainable decisions.\n\u200924', 'Since Google was founded, our efforts to mitigate climate \nchange have started with our own operations, and we’ve worked hard to lead by example with the ultimate goal of driving larger systemic change. In our third decade of climate action, we’ll continue to take a science-based approach to our efforts, while sharing our own lessons and progress with others. \nI joined Google eight years ago to lead our sustainability \nefforts, and have witnessed our sense of urgency and ambition firsthand. We’re empowering individuals, governments, businesses, and other organizations to make decisions that can drive positive action for people and our planet.\nThe opportunity we have through our products and', 'target, we’re proud of our progress this year—replenishing 6% of our 2022 freshwater consumption. We know challenges lie ahead, including:\n • Navigating the local complexities of watershed health.\n • The limited supply of replenishment projects in many geographies. To scale impact, we’ve created tools and case studies to help others adopt some of the approaches that have worked for us, from data center cooling strategies to achieving LBC Water Petal certification.\n • Climate-conscious data center cooling\n • How to achieve LBC Water Petal certification\nWe’re excited about the future of our water stewardship efforts and the impact we’ll have within our own operations, in the communities where we operate,  and for everyonewho relies on clean, fresh water.\nLEARN MORE\n • Google water stewardship: Accelerating positive \nchange at Google, and beyond\n • 3 ways we’re tackling water challenges in India\n • Saving water in L.A., one leaky toilet at a time', 'The opportunity we have through our products and \nplatforms is reflected in our updated environmental sustainability strategy, which focuses on where we can make the most significant positive impact. Our work is organized around three key pillars: empowering individuals to take action, working together with our partners and customers, and operating our business\xa0sustainably.\nIn 2022, we reached our goal to help 1 billion people \nmake more sustainable choices through our products. We achieved this by offering sustainability features like eco-friendly routing in Google Maps, energy efficiency features in Google Nest thermostats, and carbon emissions information in Google Flights. Looking ahead, our aspiration is to help individuals, cities, and other partners collectively reduce 1 gigaton of their carbon equivalent emissions annually by 2030.\n\u20092', 'AI for sustainability\nSeven years into our journey as an AI-first company, we’ve made AI foundational  to every part of our business and \nall Google products. Our approach to AI must be both bold and responsible . To us, that means developing AI in a \nway that maximizes the positive benefits to society while addressing the challenges, guided by our AI Principles . \nWe can use AI to help accelerate solutions to tackle climate change by providing better information  to \nindividuals, operational optimization  for organizations, \nand improved prediction  and forecasting. We must \nalso continue to find ways to reduce the environmental footprint  of AI models.\nInformation: Empowering people to live more sustainably through AI.  In 2022, searches for  \n   “solar energy,”       “electric bicycles,”    and  \n   “electric cars”   reached all-time highs.\u200913 People are', 'Empowering individuals:  \nA parking lot full of electric vehicles lined up outside a Google office, \nplugged into charging stations.\nWorking together:  \nSatellite-derived Earth Engine image showing seasonal agricultural peaks \nnear the Columbia and Snake Rivers in Washington state. The perfectly round fields are center pivot irrigated corn and wheat maturing in different months. Data source: Landsat 8, U.S. Geological Survey.\nOperating sustainably:  \nA view of our Bay View campus with the events center in the foreground \nand a Google brandmark sculpture. (Photo: Iwan Baan)\nNet-zero carbon:  \nGolden Hills wind farm in California (43 MW for Google)\nWater stewardship:  \nOur Bay View campus, as seen from across its stormwater retention pond. (Photo: Iwan Baan)\nCircular economy:  \nA closeup of many small, broken circuit boards in a pile. Our approach', 'Tidal’s first product monitors fish and environmental \nconditions underwater to detect and interpret things like fish behaviors, which are helpful for feeding and health tracking, and predict outcomes such as growth trends over time—all of which can help fish farmers make better, more environmentally-friendly and cost-effective decisions about fish feeding, welfare, and health.\nAutonomous driving\nWaymo’s  mission is to make it safe and easy for people \nand things to get where they’re going. Waymo’s fleet of shared electric vehicles provides a fully autonomous ride-hailing service in Phoenix and San Francisco, connecting communities with the benefits of EVs. Waymo’s EV fleet is also matched with 100% renewable electricity.Sustainable food \nsystems\nIncreasing agricultural productivity and sustainability', '• Foster partnerships and deepen collaboration  across public and private actors to enable progress on\nclimate mitigation and adaptation by harnessing the full potential of climate solutions.\n• Empower everyone to participate in the transition to a sustainable economy and ensure that the cleanenergy economy provides economic growth for all —spurring a new generation of green jobs, benefiting\nthe communities most impacted by a changing climate, and leaving no one behind in the transition.Policy \nengagement\nEngagement on sustainability policy has been a top \npriority at Google for many years. Most recently, we were an official partner at COP-27  in 2022, where we \nparticipated in over 50 events and moments throughout the conference with public sector leaders from the United States, Europe, Africa, the Middle East, and Asia to call for amplified ambition on climate and to showcase the role that the technology sector can play in enabling climate mitigation and adaptation.', 'Climate-related \nrisks\nClimate-related risks and opportunities have long time \nhorizons with high uncertainty regarding how climate trends, policy, and socio-economic factors might evolve in the future. Google continues to build on qualitative and quantitative risk assessments to identify climate-related risks and opportunities, and to understand their associated impact.\nIn 2015, Google developed a set of Principles of Climate \nResilience , which support our definition of climate risk \nand resilience. From there, we created a framework that prioritizes the impact on people (including communities, users, and Googlers), so that it represents the different aspects of climate resilience within Google, as well as the internal and external actors who either influence or are influenced by Google’s climate resilience decisions. These ideas continue to inform how we think about addressing long-term climate risk.\nIn 2020, Google conducted a climate risk assessment,', 'And for innovation, we’ll call out the many  \nplaces where AI is helping to break down  barriers and advance our work.\nOver my tenure at Google, I’ve seen how we’ve been working to integrate sustainability into our work. This transition is going to be challenging—both for us and for the world at large—and there’s no playbook for making it happen. But we see our efforts as part of a bigger picture, setting our goals to help scale global solutions, and I’m optimistic that we can, through our efforts in both information and innovation, play a helpful role in building a more sustainable and resilient future.\nBenedict  Gomes\nBenedict GomesSVP, Learning & SustainabilityGoogleBy making information accessible and \naccelerating innovation, we can help \ncreate a more sustainable future.   5\n2023 Environmental Report  \nA letter from our  \nChief Sustainability Officer\nI grew up in Muir Beach, California, and was fortunate', 'Startups for Sustainable \nDevelopment\nThrough our Startups for Sustainable Development \nprogram, we’re working with impact-driven startups using technology to build a more sustainable future. All are on a mission to address one or more of the U.N.’s 17 Sustainable Development Goals, from eradicating poverty and hunger to improving healthcare and advancing climate action. We provide them with long-term support to scale their impact: mentoring from expert advisors, connections to funding partners, and access to cutting-edge research and technology. The program now supports nearly 400 startups in over 60 countries, working with a network of over 140 partner organizations. \n2022 HIGHLIGHT\nOur Startups for Sustainable \nDevelopment program now supports nearly 400 startups in over 60 countries working with a network  \nof over 140 partner organizations.\nThe Google.org Impact Challenge on Climate Innovation supports breakthrough projects that use data and technology to', '135 \nPreserving nature is critical both to mitigating climate  \nchange and adapting to it. We want nature and people to flourish together in the communities that Google calls  home, as well as the ecosystems where we source food  for the hundreds of cafes we operate. Our approach\nWe strive to protect and enhance nature and biodiversity through our campuses and technology.\nGoogle has offices in nearly 60 countries around the world \n(as of year-end 2022). In these locations, we aim to protect and enhance nature and biodiversity through a four-pillar approach that starts with building biodiversity at our own office and campus developments, as well as protecting nature and making it more accessible in the surrounding communities where we operate (see Figure 24).\xa0\nOur approach further focuses on sourcing responsibly', 'time wildfire boundaries in Search and Maps are available in cities around the world 100s of sources\nof sustainability data, from most OECD countries , aggregated by \nData Commons—making data more accessible and useful for addressing sustainability challenges\nOperating  \nsustainably10+ GW\nof clean energy  generation capacity from \nmore than 80 signed agreements from 2010 to 2022—the equivalent capacity of more than 31 million solar\xa0panels271 million gallons\nof water  replenished as of the end of 2022—\nequivalent to more than 400 Olympic-sized swimming pools100%\nof Pixel, Nest, and Chromecast devices launched in 2022 include recycled materials\n\u20099 44 acres\nof native habitat  restored on our  \nBay Area campuses as of the end  of 2022   7\n2023 Environmental Report  \nOur \nsustainability strategy\nWe believe Google has a unique \nopportunity that extends beyond  \nmanaging the environmental impacts  of our own operations and value chain.\nBy making information accessible and by driving', 'Given the scale of the problem, innovation  will also be \nkey to getting us to a better future. In order to push the \nfrontiers of innovation, Google has long had a world-class research organization that’s been at the forefront of AI and machine learning. These solutions can help in predicting \nmore extreme weather (flood forecasting, for instance), optimizing systems from traffic lights to car routes, and mitigating climate change in new ways, for example. \nIn our 2023 Environmental Report, we’re highlighting how \nthese themes of information and innovation run through much of our work:\nFor information, we’ll feature Google Trends  \ninsights alongside key initiatives to show how our work is informed by societal trends and\xa0expectations.\nAnd for innovation, we’ll call out the many  \nplaces where AI is helping to break down  barriers and advance our work.', 'Lila IbrahimChief Operating OfficerGoogle DeepMind\nA row of servers in our  \nSt. Ghislain, Belgium, data center   11\n2023 Environmental Report  \nOur gigaton aspiration\nWe believe that Google has a unique \nopportunity that extends beyond reducing the environmental impacts of our own operations and value chain.\n\u200921 \nIn 2020, Google shared our aspiration to help others reduce \n1 gigaton (GT) of their carbon equivalent emissions annually by 2030. This is an ambitious vision that we’ve set to push us to contribute meaningfully to helping with climate solutions beyond our own operations and value chain.\nWe initially focused on helping cities and local']","Google's mission to ""organize the world’s information and make it universally accessible and useful"" can significantly contribute to addressing climate challenges and promoting sustainability in several ways:

1. **Providing Quality Information**: By making climate-related information accessible, Google can empower individuals, governments, and organizations to make informed decisions that drive positive environmental actions. This is crucial as a sustainable future relies on informed choices made by billions of people.

2. **Supporting Sustainable Choices**: Google has observed a growing interest among users in sustainable living, as evidenced by increased searches for topics like solar energy and electric vehicles. By integrating sustainability features into its products, such as eco-friendly routing in Google Maps and carbon emissions information in Google Flights, Google aims to help users make more sustainable choices.

3. **Leveraging Technology for Climate Action**: Google is utilizing its technological capabilities, including AI, to enhance climate information and action. This includes improving forecasting models for extreme weather events, optimizing operations to reduce emissions, and providing tools that make water data universally accessible for better stewardship.

4. **Collaborating with Partners**: Google actively collaborates with various organizations to address shared climate challenges. Initiatives like the Google.org Impact Challenge on Climate Innovation support projects that use data and technology to accelerate climate action.

5. **Setting Ambitious Goals**: Google has set a goal to help reduce 1 gigaton of carbon equivalent emissions annually by 2030, which reflects its commitment to making a meaningful impact beyond its own operations.

6. **Promoting Innovation**: Google emphasizes the importance of innovation in tackling climate issues. By investing in research and development, particularly in AI and machine learning, Google aims to create solutions that can predict climate-related events and optimize resource use.

Through these efforts, Google seeks to play a pivotal role in fostering a more sustainable future and addressing the pressing challenges posed by climate change.","Google’s founding mission—'Organize the world’s information and make it universally accessible and useful'—can significantly contribute to addressing climate challenges by accelerating progress in climate information and action. A sustainable future relies on informed decisions made by governments, organizations, and individuals, which necessitate access to quality information. The increasing interest in sustainable living, as evidenced by Google Trends, highlights the potential for Google to provide the necessary information that empowers people to make decisions that drive positive action for our planet.",,0.9816961736983746,,,0.42,0.9677337343656894
How does the Search feature contribute to making information accessible for renewable energy decisions?,"['information in these moments, we’re providing information through Search alerts on flooding , wildfire boundaries , and \nextreme heat . More details on how AI enables these alerts \ncan be found in the Working together  section.Recycling points\nPeople recognize that recycling plays a crucial role in preserving the future of our planet; global searches for  \n   “recycling”   are the highest of any sustainability action.\u200945 \nIn 2021, we launched a new feature that makes it easier for people to find nearby recycling points on Search and Maps. In addition to providing information on recycling depots  \nand waste transfer stations, we’re also helping small businesses  share when they offer in-store recycling . By \nadding the new recycling attribute  to Business Profiles on \nSearch and Maps, local storefronts and shops can show  the recycling services they offer in just a few clicks—whether it’s for plastic bottles, packaging, or electronics.\nPre-owned items', 'In 2022, we worked with the IEA to rapidly develop a set \nof recommendations  to help individuals reduce energy \nuse at home. When people searched for topics such as “Europe energy crisis” and “energy price”, they saw news articles, local information including financial assistance that may be available, and recommended actions to help conserve energy (see Figure 4).FIGURE 4\nEurope energy information panels\nGoing solar\nGlobal search interest in    “solar energy”   and \n  “solar installation”   reached all-time highs in 2022.\u200936 \nProject Sunroof , launched in 2015 in the United States \nand Puerto Rico, helps people decide whether to go solar. It uses AI to analyze high-resolution aerial mapping and 3D modeling of residential roofs, making estimations of solar potential faster and easier.\nExploring potential solar capacity for homes in San Francisco, California in the Project Sunroof tool.   17\n2023 Environmental Report  Providing sustainable transportation \noptions', 'that Google can make a meaningful difference beyond our own operations and value chain, and they highlight the benefits of helping individuals through our products and\xa0platforms.Our approach\nEvery day, billions of people turn to Google to ask questions, discover something new, or learn about what’s important to them. More people are interested in how to live more sustainably than ever, and our aim is to make it easier for them to do so. In 2022, searches for   \n   “solar energy,”        “electric bicycles,”   and  \n   “electric cars”   reached all-time highs.\u200923 \nThese kinds of changes to lifestyles and behavior matter: the International Energy Agency (IEA) estimates  that \naround 55% of the cumulative emissions reductions needed to achieve a net-zero global energy system by 2050 are linked to consumer choices. Yet, there’s a wide “say-do gap ” among consumers—between those who are \nconcerned about sustainability, and those who ultimately make sustainable decisions.\n\u200924', 'time wildfire boundaries in Search and Maps are available in cities around the world 100s of sources\nof sustainability data, from most OECD countries , aggregated by \nData Commons—making data more accessible and useful for addressing sustainability challenges\nOperating  \nsustainably10+ GW\nof clean energy  generation capacity from \nmore than 80 signed agreements from 2010 to 2022—the equivalent capacity of more than 31 million solar\xa0panels271 million gallons\nof water  replenished as of the end of 2022—\nequivalent to more than 400 Olympic-sized swimming pools100%\nof Pixel, Nest, and Chromecast devices launched in 2022 include recycled materials\n\u20099 44 acres\nof native habitat  restored on our  \nBay Area campuses as of the end  of 2022   7\n2023 Environmental Report  \nOur \nsustainability strategy\nWe believe Google has a unique \nopportunity that extends beyond  \nmanaging the environmental impacts  of our own operations and value chain.\nBy making information accessible and by driving', 'help people make more informed choices about the products they buy and the energy they use.\nEnergy-efficient \nproducts\nSearches for    “how to save energy ”   reached a 10-year \nhigh, worldwide, in 2022.\u200926 And global searches for \n   “heat pumps ”   reached an all-time high in 2022.\u200927 \nWhen someone uses Google Search in the U.S. to look for \nfurnaces or water heaters, suggestions in the Shopping tab can help narrow their search to cost-effective and efficient options (see Figure 2).FIGURE 2\nGoogle Shopping feature for water heaters\n   15\n2023 Environmental Report  Smart thermostats\nNest thermostats  help control residential heating and \ncooling systems, saving energy  in a variety of ways. \nThe collective impact of these savings is significant. \nFrom 2011 to 2022, Nest thermostats have helped customers cumulatively save more than 113 billion kWh of energy\n\u200928—more than double Portugal’s annual \nelectricity consumption\u200929—and equivalent to preventing', 'We believe Google has a unique \nopportunity that extends beyond  \nmanaging the environmental impacts  of our own operations and value chain.\nBy making information accessible and by driving \ninnovation forward through our products and platforms that billions of people engage with every day, we’re helping individuals, businesses, and other organizations make decisions that can drive positive action for people and our planet. In shaping our strategy, we consider where we can make the most significant positive impact. Our work is focused on three key pillars: empowering individuals to take action, working together with our partners and customers, and operating our business\xa0sustainably. Information and innovation\nWe’re helping to lead the transition to a more sustainable future by making information accessible and by driving innovation forward.\nEmpowering individuals \nto take ac\ntion\nWe’re empowering people with the', 'concerned about sustainability, and those who ultimately make sustainable decisions.\n\u200924 \nTo tackle a problem at the scale of climate change, it can be hard to know where to start. That’s why we’ve taken a first-principles approach, looking at what’s contributing the most to global emissions. Home energy  \nand transportation  are two such areas—collectively \nthey account for more than 20% of emissions.\n\u200925 They’re \nalso sectors where people are actively searching for sustainable alternatives that often provide benefits like saving them money or time, or improving their health.\nThe accuracy and quality of the information that informs \nthese decisions is critical. When people come to us looking for answers, we aim to provide high-quality and authoritative information.FIGURE 1\nSee hybrid and electric vehicle options on Google Search\nWhen people search for car models and brands, we tag hybrid and electric options to make them easier to find.', 'People can now compare train ticket prices directly on \nGoogle Search for travel in and around select countries. As an example, when looking for \n   “Berlin to Vienna trains,”   \nindividuals will see a new module in the search results that lets them choose their departure date and compare the available options. To\xa0further expand individual choices for intercity travel, we’ve\xa0also started testing a similar feature for bus tickets.\nHotel accommodations\nWhen people search for travel accommodations, they can see which hotels have been certified for meeting high standards of sustainability by select independent organizations. For example, hotels certified by Green Key or EarthCheck will have an eco-certified badge  next to \ntheir name.   19\n2023 Environmental Report  Sharing other actionable information\nOutside of home energy and transportation, individuals', 'The Environmental Insights Explorer makes actionable climate data available to more than 40,000 cities and regions worldwide.   12\n2023 Environmental Report  Empowering  \nindividuals\nWe’re empowering people  \nwith information to make  more sustainable choicesOur ambition\nOur approach\nHelping people make more \nsustainable choices\nReducing home energy useProviding sustainable \ntransportation options\nSharing other actionable \ninformation\nThe journey ahead\n   13\n2023 Environmental Report  Our ambition\nAt Google, we have an opportunity to lead \nthe transition to a more sustainable future by making information accessible and by driving innovation forward. Grounded in our mission, we’re empowering people with the high-quality information they’re looking for. Through our products and platforms that billions of users engage with every day, we’re helping people make decisions that can drive positive action for our planet.\nLast year’s Intergovernmental Panel on Climate Change', 'their name.   19\n2023 Environmental Report  Sharing other actionable information\nOutside of home energy and transportation, individuals \ncan make other sustainable choices that add up to create a positive impact. This includes understanding local air quality, accessing climate change information, identifying nearby recycling locations, or purchasing pre-owned items.\nAir quality\nAir quality around the world is being negatively impacted by air pollution and increasingly severe wildfires. We’ve added a new Air Quality feature in Google Search and Maps that shows the air quality conditions for the day, whether it’s unusually smoggy or dangerously smoky. Available in cities in the U.S., Singapore, Brazil, and Chile, among other locations, this data can help people consider their activities for the day, including whether to stay indoors.\nGoogle Maps and Waze both support user alerts for  \nclean air zones . A clean air zone is a designated', 'Google works with suppliers around the world. The electricity grids in many countries where our suppliers operate lack sufficient carbon-free energy capacity to support rapidly growing demand, and may even face energy shortages that affect not just manufacturing but also the communities and livelihoods of the people in these regions. Our long-term vision is that all of our suppliers—for hardware manufacturing, transport, logistics, and indirect services—and their communities have access to reliable, cost-effective, carbon-free energy. And we’ll get there only through significant global investment in new wind, solar, and other clean energy capacity, as well as more robust grid systems.In addition to purchasing renewable energy for our own operations, we also make targeted investments in renewable energy. Investment in renewable capacity is a scalable approach to creating system-level change by driving grid decarbonization and enabling greater access to carbon-free energy', 'And for innovation, we’ll call out the many  \nplaces where AI is helping to break down  barriers and advance our work.\nOver my tenure at Google, I’ve seen how we’ve been working to integrate sustainability into our work. This transition is going to be challenging—both for us and for the world at large—and there’s no playbook for making it happen. But we see our efforts as part of a bigger picture, setting our goals to help scale global solutions, and I’m optimistic that we can, through our efforts in both information and innovation, play a helpful role in building a more sustainable and resilient future.\nBenedict  Gomes\nBenedict GomesSVP, Learning & SustainabilityGoogleBy making information accessible and \naccelerating innovation, we can help \ncreate a more sustainable future.   5\n2023 Environmental Report  \nA letter from our  \nChief Sustainability Officer\nI grew up in Muir Beach, California, and was fortunate', '. Investment in renewable capacity is a scalable approach to creating system-level change by driving grid decarbonization and enabling greater access to carbon-free energy. This is especially significant in markets where credible procurement mechanisms for clean energy are nascent or nonexistent. We aim to invest in clean energy projects that reduce emissions and serve manufacturing operations across our supply chain.', 'Helpful information  can be critical in both efforts to reduce \nemissions as well as adapt to extreme climate events like \nfloods, wildfires, and heat waves. But this information often lives in silos and is hard to access. Making the information accessible and useful can be a tough technical challenge. Our products like Environmental Insights Explorer, Earth Engine, and Data Commons are key solutions to support the decisions that cities and organizations will have to make. Information can also have a significant impact on the decisions of individuals—particularly in the areas of home energy and transportation. Our products like Maps, Search, and Nest reach billions of users around the world, and we’re building many features to respond to the demand for that information in our products. \nGiven the scale of the problem, innovation  will also be \nkey to getting us to a better future. In order to push the', 'Exploring potential solar capacity for homes in San Francisco, California in the Project Sunroof tool.   17\n2023 Environmental Report  Providing sustainable transportation \noptions\nGlobal search interest in    “sustainable transport”   \nreached a 15-year high in 2022.\u200937 Transportation relies \nmore heavily on fossil fuels than any other sector.\u200938 \nThis is why, for people in most high-income countries, \nchanging travel patterns is a high-impact way to reduce their footprint. We’ve added several features across our products to allow people to more easily make sustainable travel and transportation decisions.\nEco-friendly routing\nA simple thing everyone can do to reduce emissions is  use existing vehicles more efficiently. Global searches for \n   “how to save fuel when driving”    have increased by \n60% between 2022 and 2023.\u200939 In 2021, we launched eco-', 'launched, from October 2021 through December 2022. Enabled emissions \nreductions estimates include inherent uncertainty due to factors that \ninclude the lack of primary data and precise information about real-world \nactions and their effects. These factors contribute to a range of possible \noutcomes, within which we report a central value.\n4 This estimated spend is based on contracts signed to purchase clean \nenergy for our operations. Actual spend may vary from these estimates \nbased on changes in renewable electricity output from operational \nprojects, the number of contracts signed, and energy market prices.\n5 See endnote 3 above.\n6 Estimated energy savings are calculated based on the typical percentage \nof heating and cooling savings found in real-world studies of the Nest \nLearning Thermostat. To calculate the total Nest savings, we apply these \nsavings percentages to the actual heating and cooling hours of all Nest \nthermostats.\n7 “Portugal - Countries & Regions ,” IEA, 2021.', 'Our approach further focuses on sourcing responsibly \nacross our supply chain. And our billions of users have the potential to have a positive impact on their environments if given the information and tools to do so, so we’re also developing technology to help increase nature’s resilience to climate change.\nFIGURE 24 Our approach to nature and biodiversity\nBuilding for \nbiodiversity\nWe build for biodiversity  \non-site at Google offices \nand campuses by designing \nfor ecology and bringing \nnature back to cities.Protecting nature and \nmaking it more accessible\nIn the Bay Area and elsewhere \nacross our portfolio where \nappropriate, we nurture the \nenvironment and connect  \npeople to nature, both on our  \ncampuses and in the  \nsurrounding communities.Sourcing \nrespo\nnsibly\nWe’re focused on sourcing \nresponsibly across our supply \nchain by procuring sustainable \nbuilding and hardware \nmaterials and supporting \nbiodiverse food systems.Developing technology to \naddress biodiversity loss']","The Search feature contributes to making information accessible for renewable energy decisions by providing users with high-quality, authoritative information on various sustainability topics. For instance, when individuals search for terms related to energy use, such as ""Europe energy crisis"" or ""solar energy,"" they receive relevant news articles, local information, and recommended actions to conserve energy. Additionally, tools like Project Sunroof help users assess the solar potential of their homes, making it easier to decide on solar installations. By integrating features that highlight energy-efficient products and sustainable transportation options, Google Search empowers users to make informed decisions that can positively impact their energy consumption and overall sustainability efforts.","The Search feature, along with other products like Maps and Nest, reaches billions of users around the world and is designed to respond to the demand for accessible information. This accessibility can significantly impact the decisions of individuals, particularly in areas such as home energy and transportation.",,1.0000000000000002,,,0.33,0.9026880299788131
How Google Trends help in understanding trends?,"['Given the scale of the problem, innovation  will also be \nkey to getting us to a better future. In order to push the \nfrontiers of innovation, Google has long had a world-class research organization that’s been at the forefront of AI and machine learning. These solutions can help in predicting \nmore extreme weather (flood forecasting, for instance), optimizing systems from traffic lights to car routes, and mitigating climate change in new ways, for example. \nIn our 2023 Environmental Report, we’re highlighting how \nthese themes of information and innovation run through much of our work:\nFor information, we’ll feature Google Trends  \ninsights alongside key initiatives to show how our work is informed by societal trends and\xa0expectations.\nAnd for innovation, we’ll call out the many  \nplaces where AI is helping to break down  barriers and advance our work.', '37 See endnote 35 above.\n38 “Transport: Improving the Sustainability of Passenger and Freight \nTransport ,” IEA, 2022.\n39 Based on Google Trends data as of April 2023, when comparing global \nGoogle Search interest from April 2022–April 2023 to that of April 2021–\nApril 2022.\n40 See endnote 3 above.\n41 “Global EV Outlook 2023 Abstract ,” IEA, April 2023.\n42 See endnote 13 above.\n43 Based on Google Trends data as of April 2023, when comparing global \nGoogle Search interest from April 2020–April 2023 to that of April 2017–\nApril 2020.\n44 See endnote 13 above.\n45 Based on Google Trends data as of April 2023, when comparing global Google Search interest since 2004.\n46 See endnote 35 above.\n47 See endnote 43 above.\n48 See endnote 35 above.\n49 “Measuring Fashion: Environmental Impact of the Global Apparel and \nFootwear Industries Study ,” Quantis, 2018.\n50 “Digital Transformation ,” UNEP, April 2022.\n51 “Digital Decarbonisation: How the Digital Sector is Supporting Climate', '26 Based on Google Trends data as of December 2022, when comparing \nglobal Google Search interest since 2013.\n27 See endnote 13 above.\n28 See endnote 6 above.\n29 See endnote 7 above.\n30 See endnote 8 above.\n31 See endnote 6 above. \n32 Nest Renew Energy Shift usage reflects the total number of hours \nthermostats enrolled in Nest Renew ran Energy Shift features to prioritize \ncleaner or cheaper energy during 2022.\n33 Nest Renew users include anyone in the continental U.S. with a 3rd \ngeneration Nest Learning Thermostat, the Nest Thermostat E, or the \nnewest Nest Thermostat connected to a Google account.\n34 See endnote 6 above.\n35 Based on Google Trends data as of December 2022, when comparing \nglobal Google Search interest since 2008.\n36 See endnote 13 above.\n37 See endnote 35 above.\n38 “Transport: Improving the Sustainability of Passenger and Freight \nTransport ,” IEA, 2022.\n39 Based on Google Trends data as of April 2023, when comparing global', 'Beyond our own footprint, Google’s founding mission—\n“Organize the world’s information and make it universally accessible and useful”—can play a very important role in accelerating progress in climate information and action. A sustainable future will be built upon billions of decisions made by governments, organizations, and individuals, which will need to be grounded in good information. Increasingly, we see through Google Trends that more and more people are looking for ways to live sustainably. I believe that we have many strengths and capabilities in providing quality information that people are seeking to make decisions that’ll drive positive action for our planet.\nHelpful information  can be critical in both efforts to reduce \nemissions as well as adapt to extreme climate events like', 'that Google can make a meaningful difference beyond our own operations and value chain, and they highlight the benefits of helping individuals through our products and\xa0platforms.Our approach\nEvery day, billions of people turn to Google to ask questions, discover something new, or learn about what’s important to them. More people are interested in how to live more sustainably than ever, and our aim is to make it easier for them to do so. In 2022, searches for   \n   “solar energy,”        “electric bicycles,”   and  \n   “electric cars”   reached all-time highs.\u200923 \nThese kinds of changes to lifestyles and behavior matter: the International Energy Agency (IEA) estimates  that \naround 55% of the cumulative emissions reductions needed to achieve a net-zero global energy system by 2050 are linked to consumer choices. Yet, there’s a wide “say-do gap ” among consumers—between those who are \nconcerned about sustainability, and those who ultimately make sustainable decisions.\n\u200924', 'FIGURE 25\nHow we’re restoring native habitats in Silicon ValleyWe’ve established  landscape design practices that ensure \necologically-designed landscapes thrive over the long term, primarily through our internal Habitat Design Guidelines. The guidelines help landscape designers leverage plant choices and layout to maximize wildlife habitat value. They include detailed guidelines on native plant palettes, planting structure and density, plant requirements, maintenance requirements, and bird-safe practices. To promote wider use and impact of these guidelines, we sponsored the publication of a public version  that’s freely available for', 'help people make more informed choices about the products they buy and the energy they use.\nEnergy-efficient \nproducts\nSearches for    “how to save energy ”   reached a 10-year \nhigh, worldwide, in 2022.\u200926 And global searches for \n   “heat pumps ”   reached an all-time high in 2022.\u200927 \nWhen someone uses Google Search in the U.S. to look for \nfurnaces or water heaters, suggestions in the Shopping tab can help narrow their search to cost-effective and efficient options (see Figure 2).FIGURE 2\nGoogle Shopping feature for water heaters\n   15\n2023 Environmental Report  Smart thermostats\nNest thermostats  help control residential heating and \ncooling systems, saving energy  in a variety of ways. \nThe collective impact of these savings is significant. \nFrom 2011 to 2022, Nest thermostats have helped customers cumulatively save more than 113 billion kWh of energy\n\u200928—more than double Portugal’s annual \nelectricity consumption\u200929—and equivalent to preventing', 'target, we’re proud of our progress this year—replenishing 6% of our 2022 freshwater consumption. We know challenges lie ahead, including:\n • Navigating the local complexities of watershed health.\n • The limited supply of replenishment projects in many geographies. To scale impact, we’ve created tools and case studies to help others adopt some of the approaches that have worked for us, from data center cooling strategies to achieving LBC Water Petal certification.\n • Climate-conscious data center cooling\n • How to achieve LBC Water Petal certification\nWe’re excited about the future of our water stewardship efforts and the impact we’ll have within our own operations, in the communities where we operate,  and for everyonewho relies on clean, fresh water.\nLEARN MORE\n • Google water stewardship: Accelerating positive \nchange at Google, and beyond\n • 3 ways we’re tackling water challenges in India\n • Saving water in L.A., one leaky toilet at a time', 'People can now compare train ticket prices directly on \nGoogle Search for travel in and around select countries. As an example, when looking for \n   “Berlin to Vienna trains,”   \nindividuals will see a new module in the search results that lets them choose their departure date and compare the available options. To\xa0further expand individual choices for intercity travel, we’ve\xa0also started testing a similar feature for bus tickets.\nHotel accommodations\nWhen people search for travel accommodations, they can see which hotels have been certified for meeting high standards of sustainability by select independent organizations. For example, hotels certified by Green Key or EarthCheck will have an eco-certified badge  next to \ntheir name.   19\n2023 Environmental Report  Sharing other actionable information\nOutside of home energy and transportation, individuals', 'their name.   19\n2023 Environmental Report  Sharing other actionable information\nOutside of home energy and transportation, individuals \ncan make other sustainable choices that add up to create a positive impact. This includes understanding local air quality, accessing climate change information, identifying nearby recycling locations, or purchasing pre-owned items.\nAir quality\nAir quality around the world is being negatively impacted by air pollution and increasingly severe wildfires. We’ve added a new Air Quality feature in Google Search and Maps that shows the air quality conditions for the day, whether it’s unusually smoggy or dangerously smoky. Available in cities in the U.S., Singapore, Brazil, and Chile, among other locations, this data can help people consider their activities for the day, including whether to stay indoors.\nGoogle Maps and Waze both support user alerts for  \nclean air zones . A clean air zone is a designated', '62 By quantifying this, \nthey were able to provide estimates of several co-benefit  \nof tree cover . \nTo accelerate the innovation that we’ve seen from the scientific and NGO communities, we’re now bringing Google Earth Engine to public and private sector users.  In 2022, we expanded Google Earth Engine’s availability for commercial use by businesses and governments worldwide as an enterprise-grade service through Google Cloud.  With access to reliable, up-to-date insights on how our planet is changing, organizations will be better equipped  to move their sustainability efforts forward.\nGoogle Earth\nOur planet has seen rapid environmental change in the past half-century—more than at any other point in human history.\nTimelapse  in Google Earth is a global, zoomable  \ntime-lapse video of the planet, providing a clearer picture', 'energy, transportation, and agriculture. Research  that \nwe commissioned in 2022 found that 20%–25% of what’s \nrequired for the EU’s 2050 net-zero goal requires some \nsort of digital enablement.\u200951\nOur approach\nBy combining Google’s suite of unique capabilities in \ndata, geospatial analytics, cloud computing, and AI, \nwe’re enabling our partners and customers to advance \nsustainability goals. Data\nTo effectively mitigate and adapt to climate change and \nprotect ecosystems, organizations need a data-driven \nunderstanding of their impacts. Currently, much of this data \nis fragmented across thousands of silos and a multitude \nof databases. To help solve this problem, we’ve curated a \nlarge catalog of Earth observation datasets in the Earth \nEngine Data Catalog . We created Environmental Insights \nExplorer , which empowers thousands of cities and regions \nwith actionable data and insights to reduce global emissions. \nMore recently, we also built Data Commons , an open-', 'Explorer , which empowers thousands of cities and regions \nwith actionable data and insights to reduce global emissions. \nMore recently, we also built Data Commons , an open-\nsource tool to organize hundreds of public sustainability \ndatasets into a single, accessible resource.\nGeospatial technology\nGoogle has made deep investments over nearly two \ndecades in geospatial technology and platforms such \nas Google Maps and Google Earth. Google Earth Engine \nis a leading technology platform for planetary-scale \nenvironmental monitoring that was launched in 2010 \nfor scientists and NGOs. In 2022, it was expanded for \ncommercial use by businesses and governments as \nan enterprise-grade service through Google Cloud. \nResearchers from academic institutions, NGOs, and \nintergovernmental organizations have leveraged and \nbuilt upon our tools for a wide variety of use cases from \nmeasuring habitat ranges to protecting forest  and  \nocean  ecosystems.\nCloud', 'See hybrid and electric vehicle options on Google Search\nWhen people search for car models and brands, we tag hybrid and electric options to make them easier to find.  \nAnd when people look into a specific EV, we show compatible charging stations nearby and typical charge times.\n   14\n2023 Environmental Report  Helping people make more  \nsustainable choices\nIn 2020, we announced a goal to help 1 billion people make \nmore sustainable choices through our products by 2022. We’re pleased to share that we reached that goal in 2022, through innovative solutions offered to users, including:\n • Google Nest: Programmable energy efficiency \nschedules for homes that can help users save energy, money, and carbon emissions throughout the day. • Google Maps:  Eco-friendly routing feature that shows \nusers the most fuel-efficient route, based on factors such as traffic and road incline.\n • Google Travel:  Users can see associated carbon', 'historical methodology and the industry standard diversion rate, which \nassumes that anything placed in recycling or compost bins has zero \ncontamination. \n111 Based on Google Trends data as of April 2023, when comparing global Google Search interest from April 2018–April 2023 to that of April 2013–April 2018.\n112 See endnote 35 above.\n113   “Importance of Methane ,” EPA, 2021.\n114 Percent reduction in food waste per Googler was calculated as food waste \ngenerated in kitchens and cafes at Google’s global offices per unique \nbadge swipes, against a 2019 baseline.\n115 “A Whopping 91 Percent of Plastic Isn’t Recycled ,” National Geographic , \nDecember 2018.\n116 UL110 and IEEE 1680.1 are multi-attribute, consensus-based sustainability \nstandards for mobile phones and for computers and displays, respectively. \nGoogle uses a third party to validate conformance and independently \ncertify to these standards. See UL Spot Database .', 'Empowering individuals:  \nA parking lot full of electric vehicles lined up outside a Google office, \nplugged into charging stations.\nWorking together:  \nSatellite-derived Earth Engine image showing seasonal agricultural peaks \nnear the Columbia and Snake Rivers in Washington state. The perfectly round fields are center pivot irrigated corn and wheat maturing in different months. Data source: Landsat 8, U.S. Geological Survey.\nOperating sustainably:  \nA view of our Bay View campus with the events center in the foreground \nand a Google brandmark sculpture. (Photo: Iwan Baan)\nNet-zero carbon:  \nGolden Hills wind farm in California (43 MW for Google)\nWater stewardship:  \nOur Bay View campus, as seen from across its stormwater retention pond. (Photo: Iwan Baan)\nCircular economy:  \nA closeup of many small, broken circuit boards in a pile. Our approach', 'As of the end of 2022, we’ve created and restored  more \nthan 40 acres of habitat on Google’s campuses and \nthe surrounding urban landscape, primarily in the Bay Area—including 17 acres at our Bay View campus. We’ve also planted roughly 4,000 native trees on our Bay Area campuses. In collaboration with local NGOs, ecology experts, and government agencies, this work spans from creating welcoming habitat patches for pollinators to partnering on larger projects like restoring the Charleston Retention Basin. Together, these efforts drive landscape-scale restoration of historical ecosystems like oak woodlands, willow groves, and creek and wetland habitats (see Figure 25).\nFIGURE 25\nHow we’re restoring native habitats in Silicon ValleyWe’ve established  landscape design practices that ensure']",I don't know.,Google Trends insights are featured in the 2023 Environmental Report to show how Google's work is informed by societal trends and expectations.,,0.0,0.0,,0.0,0.7343678849012711
How is California contributing to sustainability efforts?,"['Moving ahead, we’ll continue to build partnerships with others, using lessons from our own efforts alongside new tools and technology to help everyone take action.\nLEARN MORE\n • Seeding resilience with ecology\n • Doing our part for California’s monarch butterflies\n • AI reveals signs of recovery in areas devastated by \nbushfires\n • Map of Life Indicators adopted in UN Biodiversity Framework\nIn 2022 we opened Pier 57 in New York City, which incorporates water views and plantings throughout the building  \nto support biophilic design.   73\n2023 Environmental Report  SPOTLIGHT\nBuilding a more sustainable \ncampus in Mountain View\nAn interior photo of the canopy ceiling at our Bay View campus. (Photo: Iwan Baan)In 2022, we opened Bay View  in Mountain \nView, California, the first major campus \ndeveloped by Google. From the start,  we had big ambitions  for this project:  \nre-envisioning the workplace with a focus on prioritizing the human experience  and \ncommunity-centered development .', 'Our Bay View campus, as seen from across its stormwater retention pond. (Photo: Iwan Baan)\nCircular economy:  \nA closeup of many small, broken circuit boards in a pile. Our approach \nto circularity for data center equipment is to maintain components for as long as possible, refurbish components for future reuse, reuse or resell components following a rigorous security process, and recycle any components that can’t be reused.\nNature and biodiversity:  \nThe design of the Charleston Retention Basin on our Mountain View Campus allows visitors to experience, learn about, and enjoy the expanded riparian habitat.\nGovernance and engagement:  \nGooglers collaborate in a common space in one of our offices.\nAppendix:  \nA bright, colorful wall in a Google office.Environmental \nReport\n2023\nWant to learn more about our  \nlatest efforts? \nTo stay up to date on our news and progress,  \nsee our Sustainability blog .\nPublication date: July 2023', 'create a more sustainable future.   5\n2023 Environmental Report  \nA letter from our  \nChief Sustainability Officer\nI grew up in Muir Beach, California, and was fortunate \nto spend my childhood exploring its beautiful redwood forests and vibrant tidepools with my family. Today, I’m raising my daughter in these same special places, but now these delicate ecosystems are threatened, just like many other parts of the world. \nClimate change affects all aspects of society, from food \nproduction and human health to infrastructure and the economy. These impacts are interconnected and can have a cascading effect on people and the planet. The response calls for systemic, global action to reduce emissions, improve watershed health, maximize the reuse of finite resources, and protect biodiversity.\nSince Google was founded, our efforts to mitigate climate', 'Responsible sourcing\nAs global demand for raw materials continues to grow, deforestation is increasing, contributing to GHG emissions. Companies want to know more about the origins of their raw materials, including which are sourced responsibly—and how they can improve their sourcing practices.\nGoogle Cloud, in partnership with NGIS (a geospatial \nsolutions company) is helping brands gain a deeper understanding of sustainable sourcing practices  across \nsupplier networks. By combining the power of our cloud computing, AI, and geospatial analytics, we’re helping companies get real-time, reliable information into operations at a local supplier level, globally. For example, we’re helping Unilever build a more holistic view of the forests, water cycles, and biodiversity that intersect its supply chain. We also helped launch TraceMark , a', 'Empowering individuals:  \nA parking lot full of electric vehicles lined up outside a Google office, \nplugged into charging stations.\nWorking together:  \nSatellite-derived Earth Engine image showing seasonal agricultural peaks \nnear the Columbia and Snake Rivers in Washington state. The perfectly round fields are center pivot irrigated corn and wheat maturing in different months. Data source: Landsat 8, U.S. Geological Survey.\nOperating sustainably:  \nA view of our Bay View campus with the events center in the foreground \nand a Google brandmark sculpture. (Photo: Iwan Baan)\nNet-zero carbon:  \nGolden Hills wind farm in California (43 MW for Google)\nWater stewardship:  \nOur Bay View campus, as seen from across its stormwater retention pond. (Photo: Iwan Baan)\nCircular economy:  \nA closeup of many small, broken circuit boards in a pile. Our approach', 'concerned about sustainability, and those who ultimately make sustainable decisions.\n\u200924 \nTo tackle a problem at the scale of climate change, it can be hard to know where to start. That’s why we’ve taken a first-principles approach, looking at what’s contributing the most to global emissions. Home energy  \nand transportation  are two such areas—collectively \nthey account for more than 20% of emissions.\n\u200925 They’re \nalso sectors where people are actively searching for sustainable alternatives that often provide benefits like saving them money or time, or improving their health.\nThe accuracy and quality of the information that informs \nthese decisions is critical. When people come to us looking for answers, we aim to provide high-quality and authoritative information.FIGURE 1\nSee hybrid and electric vehicle options on Google Search\nWhen people search for car models and brands, we tag hybrid and electric options to make them easier to find.', 'Nurturing nature across \necosystems\nWe invest in restoration projects outside of Google’s \ncampuses to build health across the wider ecosystem and accelerate our water stewardship goals. In addition to grants mentioned above to create and maintain pollinator habitat, we also support efforts to strengthen the ecological resilience of critical natural systems like the San Francisco Bay . In 2022, we partnered with the \nSan Francisco Estuary Institute to create the Shoreline Resilience Framework for Wildlife Support , which is being \nused by regional agencies to identify, map, and enhance functions that contribute to shoreline resilience. These functions may include protecting the shoreline from erosion, supporting threatened and endangered species, and maintaining critical landscape processes like marsh migration with sea-level rise.Connecting communities \nand\xa0nature\nWe invest for the long term, so we want to care for the', 'on Carbon Storage in Silicon Valley, California ,” Landscape and Urban \nPlanning , vol. 195, March 2020.\n137 “Charleston Retention Basin Improvement Project ,” California \nEnvironmental Quality Act, accessed 2023.\n138 “Western Monarch Thanksgiving Count Tallies Over 330,000 Butterflies \nBefore Storms Batter Overwintering Sites ,” Xerces Society, 2023.\n139 See endnote 13 above.\n140 “Reduce Urban Heat Island Effect ,” EPA, May 2019.\n141 The percentage of FSC-certified wood used at Bay View and Charleston \nEast is calculated based on material costs for new wood purchased for \nthese projects during construction.\n142 See endnote 141 above.\n143 “Paris Agreement ,” UNFCCC, 2015.\n144 “Summary for Policymakers of IPCC Special Report on Global Warming of \n1.5°C Approved by Governments ,” IPCC, 2018.\n145 “Sixth Assessment Report ,” IPCC, 2019.\n146 All reported Scope 1 GHG emissions, Scope 2 GHG emissions, and \nbiogenic emissions values are rounded to the nearest hundred. All', 'Pixel phone cases, and Pixel Watch Active, Stretch, and Woven bands .\n127 Based on U.S. retail packaging weight with adhesive materials excluded. \nTo meet the request of some clients, plastic stickers are applied to some \npackaging variations.\n128 See endnote 127 above.\n129 See endnote 126 above.\n130 See Learn when you’ll get software updates on Google Pixel phones for \nmore details. \n131 We offer free recycling for eligible products from any brand. Learn more \nabout Google’s recycling program on our site .\n132 Learn more about UL 2799 Zero Waste to Landfill certification .\n133 See endnote 108 above.\n134 “A Warning Sign: Where Biodiversity Loss Is Happening Around the World ,” \nWorld Wildlife Fund, 2021.\n135 See endnote 134 above.\n136 “From Savanna to Suburb: Effects of 160 Years of Landscape Change \non Carbon Storage in Silicon Valley, California ,” Landscape and Urban \nPlanning , vol. 195, March 2020.\n137 “Charleston Retention Basin Improvement Project ,” California', 'with highlights of specific projects and partnerships:\nCALIFORNIA\nWe recently co-funded a pilot project to install water-saving \ntechnology  in three multi-family buildings in Los Angeles. The \ntechnology takes aim at behind-the-scenes leaks, like malfunctioning toilets, that are capable of leaking thousands of gallons of water in a single day. The pilot is on track to save a total of 6.4 million gallons of water a year in the L.A. watershed where we operate. We’re also funding work to bring this approach to parts of San Francisco and New York City.\nARIZONA\nSurface water diversions from the Colorado River make up the primary source of irrigation water supply for the Colorado River Indian Tribes (CRIT) reservation and CRIT farms. We’re working with the Bonneville Environmental Foundation to fund the CRIT to support irrigation infrastructure efficiency  by lining a leaky earthen irrigation canal—\nreducing seepage loss and water diversion demands in the Colorado River watershed.\nMEXICO', '133The challenge is large, but so is our ambition. We seek \nto enable others to embrace circularity, which is why we share knowledge and insight through research, product examples, and case studies with our partners, customers, and billions of users around the world. Examples include:\n• Closing the plastics circularity gap\n• Understanding barriers to electronics recycling\n• Accelerating commercial deconstruction and reuse  \nOur goal with this work is to accelerate progress towards a fully sustainable technology industry and real estate footprint operating on clean, efficiently used energy and made with safe and circular materials.\nLEARN MORE\n• How Google is supporting the circular economy\n• A new accelerator for circular economy startups \nand\xa0nonprofits\n• Restricted substances specification   67\n2023 Environmental Report  Nature and  \nbiodiversity\nWe strive to protect and enhance \nnature and biodiversity through \nour campuses and technologyOur ambition\nOur approach', 'As of the end of 2022, we’ve created \nand restored more than 40 acres of habitat on Google’s campuses and the surrounding urban landscape, primarily in the Bay Area.   69\n2023 Environmental Report  Restoring habitat for \nmonarch butterflies\nWe’re taking steps to help address the threat facing \nCalifornia’s monarch butterflies—pollinators that are important to our ecosystem. In 2020, California only saw 2,000 monarch butterflies during the winter: a more than 90% decline from the millions of monarchs that visited the state in the 1980’s and 1990’s.\n\u2009138\nGiven our significant presence in California, in 2021,  \nwe announced  our aim to support the creation, \nrestoration, and/or enhancement of 600 acres of habitat \nfor monarchs  and other pollinators across California, \nincluding creating more habitat on our campuses. We’ve put $500,000 toward this effort on our campuses, and Google.org  granted another $500,000 to the Xerces', 'FIGURE 25\nHow we’re restoring native habitats in Silicon ValleyWe’ve established  landscape design practices that ensure \necologically-designed landscapes thrive over the long term, primarily through our internal Habitat Design Guidelines. The guidelines help landscape designers leverage plant choices and layout to maximize wildlife habitat value. They include detailed guidelines on native plant palettes, planting structure and density, plant requirements, maintenance requirements, and bird-safe practices. To promote wider use and impact of these guidelines, we sponsored the publication of a public version  that’s freely available for', 'responsibly across our supply \nchain by procuring sustainable \nbuilding and hardware \nmaterials and supporting \nbiodiverse food systems.Developing technology to \naddress biodiversity loss\nWe’re creating platforms, \nopen tools, and geospatial \nand AI-powered solutions \nthat help to increase nature’s \nresilience to climate change \nand address the causes of \nnature loss.\n   68\n2023 Environmental Report  Building for biodiversity\nCenturies of agricultural intensification and urbanization \nhave transformed landscapes and native habitats around the world, including a loss of over 99% of native habitats in Silicon Valley.\n\u2009136 Google is working to bring nature back into \nthe built environment—in part, by restoring critical habitats like oak woodlands  and willow groves across our Bay', 'Exploring potential solar capacity for homes in San Francisco, California in the Project Sunroof tool.   17\n2023 Environmental Report  Providing sustainable transportation \noptions\nGlobal search interest in    “sustainable transport”   \nreached a 15-year high in 2022.\u200937 Transportation relies \nmore heavily on fossil fuels than any other sector.\u200938 \nThis is why, for people in most high-income countries, \nchanging travel patterns is a high-impact way to reduce their footprint. We’ve added several features across our products to allow people to more easily make sustainable travel and transportation decisions.\nEco-friendly routing\nA simple thing everyone can do to reduce emissions is  use existing vehicles more efficiently. Global searches for \n   “how to save fuel when driving”    have increased by \n60% between 2022 and 2023.\u200939 In 2021, we launched eco-', 'Googlers collaborate in the Event Center at our Bay View campus.   30\n2023 Environmental Report  Google for Startups\nBy investing early in technologies aimed at tackling \nsustainability challenges like climate change, we have the potential to move the needle on sustainability and positively impact our planet. We have a portfolio of sustainability-focused accelerators , which support  \nearly stage innovations to grow and scale.\nGoogle for Startups \nAccelerator\nGoogle for Startups is working to identify, support, and', 'Footwear Industries Study ,” Quantis, 2018.\n50 “Digital Transformation ,” UNEP, April 2022.\n51 “Digital Decarbonisation: How the Digital Sector is Supporting Climate \nAction ,” Implement Consulting Group, 2022.\n52 “68% of the World Population Projected to Live in Urban Areas by 2050, \nSays UN ,” United Nations Department of Economic and Social Affairs, May \n2018.\n53 SDG Indicators , United Nations: Unstats, 2022.\n54 “Izmir Sustainable Energy Climate Action Plan ,” AECOM, 2020.\n55 See endnote 18 above.\n56 “Spreading Like Wildfire: The Rising Threat of Extraordinary Landscape \nFires ,” UNEP, 2022. \n57 Our “Deep Learning for High-Resolution Wildfire Modeling ” research was \npresented at the 2022 International Conference for Forest Fire Research .\n58 “Number of deaths due to floods worldwide from 1960 to 2020 ,” Statista, \nApril 2023.\n59 “Partnering with Member States ,” UNEP, 2021.\n60 Pitney Bowes Parcel Shipping Index , 2021.\n61 “Retail Speaks ,” McKinsey & Company, 2021.', 'The opportunity we have through our products and \nplatforms is reflected in our updated environmental sustainability strategy, which focuses on where we can make the most significant positive impact. Our work is organized around three key pillars: empowering individuals to take action, working together with our partners and customers, and operating our business\xa0sustainably.\nIn 2022, we reached our goal to help 1 billion people \nmake more sustainable choices through our products. We achieved this by offering sustainability features like eco-friendly routing in Google Maps, energy efficiency features in Google Nest thermostats, and carbon emissions information in Google Flights. Looking ahead, our aspiration is to help individuals, cities, and other partners collectively reduce 1 gigaton of their carbon equivalent emissions annually by 2030.\n\u20092', 'Zero waste to landfill goal achieved \n   58\n2023 Environmental Report  Building circular workplaces and stores\nBuilding design and construction is one of the largest \nsources of global waste—roughly 30% of all global annual waste comes from building construction and demolition.\n\u2009109 When we design and build Google \nworkplaces and stores around the world, we strive to deliver on our commitment to accelerating the circular economy. \nWhen the right opportunity comes up, we pursue \nadaptive reuse projects, renovating existing buildings to serve a new purpose rather than demolishing them for new builds. These reuse projects tend to use fewer materials, produce less construction waste, and have lower embodied carbon. They also preserve community history, giving historic structures new life as Google workplaces and, in some cases, community spaces, too. \nSome examples include our Playa Vista , California , \noffice—a repurposed 1943 airplane hangar, and our']","California is contributing to sustainability efforts through various initiatives, particularly by companies like Google. Some key contributions include:

1. **Water Conservation**: Google co-funded a pilot project in Los Angeles to install water-saving technology in multi-family buildings, aiming to save 6.4 million gallons of water annually by addressing leaks.

2. **Biodiversity and Habitat Restoration**: Google is actively working to restore and enhance habitats for monarch butterflies and other pollinators in California. They have committed to creating or restoring 600 acres of habitat and have invested $1 million towards this effort.

3. **Sustainable Campus Development**: The Bay View campus in Mountain View, California, was designed with sustainability in mind, incorporating features like stormwater retention ponds and native plant landscaping to support local ecosystems.

4. **Circular Economy Initiatives**: Google promotes a circular economy by refurbishing and recycling data center equipment and supporting sustainable sourcing practices across its supply chain.

5. **Community Engagement**: Google collaborates with local organizations, such as the San Francisco Estuary Institute, to enhance ecological resilience and support water stewardship in the region.

These efforts reflect a broader commitment to sustainability and environmental stewardship in California.","The context mentions that the speaker grew up in Muir Beach, California, and emphasizes the importance of integrating sustainability into work, indicating that California is part of the broader efforts to create a more sustainable future.",,0.9837735602609058,0.13333333332666666,1.0,0.12,0.8542363801330292
