user_input,retrieved_contexts,response,reference,faithfulness,answer_relevancy,llm_context_precision_without_reference,context_recall,factual_correctness(mode=f1),semantic_similarity
Whts in the 2023 enviromental report?,"['Environmental \nReport\n2023What’s \ninside\nAbout this report\nGoogle’s 2023 Environmental Report provides an overview of our environmental \nsustainability strategy and targets and our annual progress towards them.\u20091  \nThis report features data, performance highlights, and progress against our targets from our 2022 fiscal year (January 1 to December 31, 2022). It also mentions some notable achievements from the first half of 2023. After two years of condensed reporting, we’re sharing a deeper dive into our approach in one place.\nADDITIONAL RESOURCES\n• 2023 Environmental Report: Executive Summary\n• Sustainability.google\n• Sustainability reports\n• Sustainability blog\n• Our commitments\n• Alphabet environmental, social, and governance (ESG)\n• About GoogleIntroduction  3\nExecutive letters  4\nHighlights  6\nOur sustainability strategy 7\nTargets and progress summary 8\nEmerging opportunities 9\nEmpowering individuals  12\nOur ambition 13\nOur appr\noach 13\nHelp in\ng people make  14', 'In 2022, we audited a subset of our suppliers to verify \ncompliance for the following environmental criteria: implementation of environmental management systems, environmental permits and reporting, product content restrictions, and resource efficiency, as well as management of hazardous substances, wastewater,  solid waste, and air emissions.\nGooglers chat among indoor plants at our Pier 57 office in New York City.   79\n2023 Environmental Report  Public policy and advocacy\nWe know that strong public policy action is critical to \ncreating prosperous, equitable, and resilient low-carbon economies around the world. \nThe United Nations Framework Convention on Climate \nChange (UNFCCC)’s 2015 Paris Agreement states that humanity must “keep global temperature rise this century well below 2°C above pre-industrial levels.”\n\u2009143 Google', 'About Google\n 76\nSustainab i\nlity governance  76\nRisk management  77\nStakeholder engagement  78\nPublic policy and advocacy  79\nPartnerships  83\nAwards and recognition 84\nAppendix  85\nReporting approach and methodology  86\nEnvironmental data tables 90\nEnvironmental reporting frameworks index  96\nEndnotes 101\nGlossary  1\n03\n   2\n2023 Environmental Report     3\n2023 Environmental Report  \nIntroductionExecutive letters\nSVP of Learning and \nSustainability\nChief Sustainability Officer\nHighlights\nOur sustainability strategyTargets and progress summaryEmerging opportunities\nAI for sustainability\nOur gigaton aspiration\n   4\n2023 Environmental Report  \nExecutive letters\nA letter from our Senior Vice President \nof Learning and Sustainability\nI was introduced to the problem of climate change in the late', 'The Environmental Insights Explorer makes actionable climate data available to more than 40,000 cities and regions worldwide.   12\n2023 Environmental Report  Empowering  \nindividuals\nWe’re empowering people  \nwith information to make  more sustainable choicesOur ambition\nOur approach\nHelping people make more \nsustainable choices\nReducing home energy useProviding sustainable \ntransportation options\nSharing other actionable \ninformation\nThe journey ahead\n   13\n2023 Environmental Report  Our ambition\nAt Google, we have an opportunity to lead \nthe transition to a more sustainable future by making information accessible and by driving innovation forward. Grounded in our mission, we’re empowering people with the high-quality information they’re looking for. Through our products and platforms that billions of users engage with every day, we’re helping people make decisions that can drive positive action for our planet.\nLast year’s Intergovernmental Panel on Climate Change', '2023 Environmental Report  Benefiting watersheds and \ncommunities\nMany watersheds around the world are degrading\xa0in health, \nwith each location facing unique challenges. Improving watershed and ecosystem health is a critical part of our strategy, which allows us to focus on solutions to shared water challenges that are impacting watersheds the most, whether they’re related to water quantity and availability, water quality, ecosystem and habitat degradation, loss of biodiversity, or community access to water.\nIn addition to focusing on responsible water use within our', '2023 Environmental Report  Nature and  \nbiodiversity\nWe strive to protect and enhance \nnature and biodiversity through \nour campuses and technologyOur ambition\nOur approach\nBuilding for biodiversity\nProtecting nature and \nmaking it more accessible\nSourcing responsiblyDeveloping technology to \naddress biodiversity loss\nThe journey ahead\nOur ambition\nThe world has seen an average loss of 69% of mammal, bird, fish, reptile, and amphibian populations since 1970,\n\u2009134 and \nclimate change, water stress, and resource depletion are only accelerating the stress on our natural environment. Roughly half of global GDP—or $44 trillion—depends on nature and its services, such as healthy soils, flood prevention, clean water, nutrient cycling, pollination, and a stable climate.\n\u2009135 \nPreserving nature is critical both to mitigating climate', 'Our approach\nSupporting partners\nInvesting in breakthrough \ninnovation\nCreating ecosystems for \ncollaboration\nThe journey ahead\n   21\n2023 Environmental Report  Our ambition\nWe believe that Google has a unique \nopportunity that extends beyond reducing \nthe environmental impacts of our own \noperations and value chain. By organizing \ninformation about our planet and making \nit actionable through technology and \nplatforms, we can help partners and \ncustomers create even more positive impact.\nDigital technologies  play a critical role in industry \ntransitions, allowing us to measure and track sustainability \nprogress, optimize the use of resources, reduce \ngreenhouse gas emissions, and enable a more circular \neconomy.\u200950 Cloud computing and digital technologies \nunderpin the transformation in many sectors, such as \nenergy, transportation, and agriculture. Research  that \nwe commissioned in 2022 found that 20%–25% of what’s \nrequired for the EU’s 2050 net-zero goal requires some', 'approximately 2.8 GW of clean energy \ngeneration capacity—more than in any prior year.   6\n2023 Environmental Report  \nHighlights\nThis section provides a snapshot of our highlights as of the end of 2022, and select highlights from the first half of 2023. For a more complete overview \nof our performance over time, see the Targets and progress summary section  and our Environmental data tables .\nEmpowering  \nindividuals1 billion users \nOur core products helped more than  \n1 billion users  make more sustainable \nchoices in 20221.2 million metric tons\nof estimated carbon emissions reductions enabled by Google Maps  eco-friendly \nrouting as of the end of 2022—equivalent to taking approximately 250,000 fuel-based cars off the road for a\xa0year\n\u20095113 billion kWh\nof energy cumulatively saved by customers using Nest thermostats  from 2011 to 2022\n\u20096—\nmore than double Portugal’s annual electricity consumption\n\u20097 and equivalent to preventing', 'Learn more in the  \nOperating sustainably section   8\n2023 Environmental Report  \nTargets and progress summary\nTopic Target Unit 2021 2022 Target year Status\nProduct impactHelp 1 b\nillion people make more sustainable choices through our More than Achieved Products Users N/A 2022\nproducts by 2022 1 billion\u200910 (see pg. 14 )\nOperational \ntargetsNet-zero  \ncarbonAchieve net-zero emissions across all of our operations and value chain by 2030\nCarbon Redu c e 50% of our combined Scope 1, 2 (market-based),  Ongoing  \ntCO2e emissions N/A 10.2 million\u200911 before 2030reduction and 3 absolute emissions (versus our 2019 baseline) before 2030(see pg. 36 )\nCarbon-free Ongoing  Run on 24/7 carbon-free energy on every grid where we operate by 2030 % carbon-free energy 66% 64%\u2009122030\nenergy (see pg. 43 )\nWater  \nst\newardshipReplenish\n more water than we consume and help improve water quality and ecosystem health in the communities where we operate', 'the United States for pre-owned products, such as used and refurbished products. The journey \nahead\nWhile a single individual’s actions may seem small, when \nbillions of people have the tools to make more sustainable decisions, they add up to have a meaningful impact on their communities and the entire planet. \nWe’re excited by the opportunity to enable climate and \nenvironmental action far beyond Google’s direct impact, through information and innovation.\nLEARN MORE\n • Empowering with technology\n • Google Maps eco-friendly routing\n • Searching for sustainability with Google\n • Supporting a clean energy future with Nest Renew\n • The search for sustainability   20\n2023 Environmental Report  Working \ntogether\nWe’re working together with our \npartners and customers to advance technology for sustainabilityOur ambition\nOur approach\nSupporting partners\nInvesting in breakthrough \ninnovation\nCreating ecosystems for \ncollaboration\nThe journey ahead\n   21\n2023 Environmental Report  Our ambition']","The 2023 Environmental Report from Google provides an overview of their environmental sustainability strategy, targets, and annual progress. It includes data and performance highlights from the 2022 fiscal year and mentions notable achievements from the first half of 2023. Key sections of the report cover:

- Executive letters and highlights of sustainability efforts.
- A summary of sustainability strategies and targets.
- Progress on helping individuals make sustainable choices, including the impact of Google products on carbon emissions.
- Information on water stewardship and biodiversity efforts.
- Public policy advocacy related to climate change.
- A focus on empowering individuals and communities through technology and information.

The report emphasizes Google's commitment to achieving net-zero carbon emissions by 2030 and running on 24/7 carbon-free energy. It also discusses partnerships and innovation in sustainability.","Google’s 2023 Environmental Report provides an overview of our environmental sustainability strategy and targets and our annual progress towards them. This report features data, performance highlights, and progress against our targets from our 2022 fiscal year. It also mentions some notable achievements from the first half of 2023.",1.0,0.9243962860781058,0.7048611110934896,1.0,0.38,0.9669186648203756
What is Google's approach to sustainability?,"['that Google can make a meaningful difference beyond our own operations and value chain, and they highlight the benefits of helping individuals through our products and\xa0platforms.Our approach\nEvery day, billions of people turn to Google to ask questions, discover something new, or learn about what’s important to them. More people are interested in how to live more sustainably than ever, and our aim is to make it easier for them to do so. In 2022, searches for   \n   “solar energy,”        “electric bicycles,”   and  \n   “electric cars”   reached all-time highs.\u200923 \nThese kinds of changes to lifestyles and behavior matter: the International Energy Agency (IEA) estimates  that \naround 55% of the cumulative emissions reductions needed to achieve a net-zero global energy system by 2050 are linked to consumer choices. Yet, there’s a wide “say-do gap ” among consumers—between those who are \nconcerned about sustainability, and those who ultimately make sustainable decisions.\n\u200924', 'The opportunity we have through our products and \nplatforms is reflected in our updated environmental sustainability strategy, which focuses on where we can make the most significant positive impact. Our work is organized around three key pillars: empowering individuals to take action, working together with our partners and customers, and operating our business\xa0sustainably.\nIn 2022, we reached our goal to help 1 billion people \nmake more sustainable choices through our products. We achieved this by offering sustainability features like eco-friendly routing in Google Maps, energy efficiency features in Google Nest thermostats, and carbon emissions information in Google Flights. Looking ahead, our aspiration is to help individuals, cities, and other partners collectively reduce 1 gigaton of their carbon equivalent emissions annually by 2030.\n\u20092', 'Empowering individuals:  \nA parking lot full of electric vehicles lined up outside a Google office, \nplugged into charging stations.\nWorking together:  \nSatellite-derived Earth Engine image showing seasonal agricultural peaks \nnear the Columbia and Snake Rivers in Washington state. The perfectly round fields are center pivot irrigated corn and wheat maturing in different months. Data source: Landsat 8, U.S. Geological Survey.\nOperating sustainably:  \nA view of our Bay View campus with the events center in the foreground \nand a Google brandmark sculpture. (Photo: Iwan Baan)\nNet-zero carbon:  \nGolden Hills wind farm in California (43 MW for Google)\nWater stewardship:  \nOur Bay View campus, as seen from across its stormwater retention pond. (Photo: Iwan Baan)\nCircular economy:  \nA closeup of many small, broken circuit boards in a pile. Our approach', '135 \nPreserving nature is critical both to mitigating climate  \nchange and adapting to it. We want nature and people to flourish together in the communities that Google calls  home, as well as the ecosystems where we source food  for the hundreds of cafes we operate. Our approach\nWe strive to protect and enhance nature and biodiversity through our campuses and technology.\nGoogle has offices in nearly 60 countries around the world \n(as of year-end 2022). In these locations, we aim to protect and enhance nature and biodiversity through a four-pillar approach that starts with building biodiversity at our own office and campus developments, as well as protecting nature and making it more accessible in the surrounding communities where we operate (see Figure 24).\xa0\nOur approach further focuses on sourcing responsibly', 'Employee \nengagement\nSustainability is part of our culture, and we give our \nemployees opportunities to engage on environmental issues and put their passions into practice.\nTo celebrate Earth Day, we host an annual virtual event \nfor employees to learn more about what Google is doing to empower people to make more sustainable choices, support our partners and customers, and operate our business more sustainably. Throughout the year, we invite thought leaders and experts to speak about the latest sustainability trends, and we post some of these talks publicly on our Talks at Google YouTube channel. Employees can also access online sustainability courses and can join global and local internal community groups focused on sustainability topics. Some employees also take on a 20% project —an opportunity to work', 'Our approach further focuses on sourcing responsibly \nacross our supply chain. And our billions of users have the potential to have a positive impact on their environments if given the information and tools to do so, so we’re also developing technology to help increase nature’s resilience to climate change.\nFIGURE 24 Our approach to nature and biodiversity\nBuilding for \nbiodiversity\nWe build for biodiversity  \non-site at Google offices \nand campuses by designing \nfor ecology and bringing \nnature back to cities.Protecting nature and \nmaking it more accessible\nIn the Bay Area and elsewhere \nacross our portfolio where \nappropriate, we nurture the \nenvironment and connect  \npeople to nature, both on our  \ncampuses and in the  \nsurrounding communities.Sourcing \nrespo\nnsibly\nWe’re focused on sourcing \nresponsibly across our supply \nchain by procuring sustainable \nbuilding and hardware \nmaterials and supporting \nbiodiverse food systems.Developing technology to \naddress biodiversity loss', 'the United States for pre-owned products, such as used and refurbished products. The journey \nahead\nWhile a single individual’s actions may seem small, when \nbillions of people have the tools to make more sustainable decisions, they add up to have a meaningful impact on their communities and the entire planet. \nWe’re excited by the opportunity to enable climate and \nenvironmental action far beyond Google’s direct impact, through information and innovation.\nLEARN MORE\n • Empowering with technology\n • Google Maps eco-friendly routing\n • Searching for sustainability with Google\n • Supporting a clean energy future with Nest Renew\n • The search for sustainability   20\n2023 Environmental Report  Working \ntogether\nWe’re working together with our \npartners and customers to advance technology for sustainabilityOur ambition\nOur approach\nSupporting partners\nInvesting in breakthrough \ninnovation\nCreating ecosystems for \ncollaboration\nThe journey ahead\n   21\n2023 Environmental Report  Our ambition', '2\nAfter two years of condensed reporting, we’re sharing a deeper dive into our approach in one place in our 2023 Environmental Report. In 2022, we continued to make measurable progress in many key ways, such as:\n• We enhanced and launched new sustainabilityproduct features , such as eco-friendly routing in\nMaps, which is estimated to have helped preventmore than 1.2 million metric tons of carbon emissionsfrom launch through 2022—equivalent to takingapproximately 250,000 fuel-based cars off the roadfor a year.\n\u20093\n• We expanded the availability of Google EarthEngine —which provides access to reliable, up-to-\ndate insights on how our planet is changing—toinclude businesses and governments worldwide as anenterprise-grade service through Google Cloud.• We opened our new Bay View campus , which is\nall-electric, net water-positive, restores over 17 acresof high-value nature, and incorporates the leadingprinciples of circular design.', '• Google Earth Engine\n• Sustainability-focused accelerators   31\n2023 Environmental Report  Operating \nsustainably\nWe’re showing the way forward \nthrough our own operationsOur ambition\nOur operations\nNet-zero carbon\nWater stewardshipCircular economyNature and biodiversity\nSpotlight: Building a  \nmore sustainable campus  \nin Mountain View\n   32\n2023 Environmental Report  Our  \nambition\nOur work on sustainability started with our \nown operations, and we’ve worked hard to lead by example, with the ultimate goal of driving larger systems change. We set ambitious sustainability goals . We share the \ninnovations we create and the lessons we learn with others, so we can help accelerate the global transition to a low-carbon and sustainable future.\nWe’re working to drive sustainability across our operations \nin four key ways: accelerating the transition to a net-zero carbon future, advancing water stewardship, building a circular economy, and protecting nature and biodiversity.Our \noperations', 'Our approach\nSupporting partners\nInvesting in breakthrough \ninnovation\nCreating ecosystems for \ncollaboration\nThe journey ahead\n   21\n2023 Environmental Report  Our ambition\nWe believe that Google has a unique \nopportunity that extends beyond reducing \nthe environmental impacts of our own \noperations and value chain. By organizing \ninformation about our planet and making \nit actionable through technology and \nplatforms, we can help partners and \ncustomers create even more positive impact.\nDigital technologies  play a critical role in industry \ntransitions, allowing us to measure and track sustainability \nprogress, optimize the use of resources, reduce \ngreenhouse gas emissions, and enable a more circular \neconomy.\u200950 Cloud computing and digital technologies \nunderpin the transformation in many sectors, such as \nenergy, transportation, and agriculture. Research  that \nwe commissioned in 2022 found that 20%–25% of what’s \nrequired for the EU’s 2050 net-zero goal requires some']","Google's approach to sustainability is organized around three key pillars: empowering individuals to take action, collaborating with partners and customers, and operating the business sustainably. They aim to help individuals make more sustainable choices through features in their products, such as eco-friendly routing in Google Maps and energy efficiency features in Google Nest thermostats. In 2022, Google reached its goal of helping 1 billion people make more sustainable choices and aspires to help reduce 1 gigaton of carbon equivalent emissions annually by 2030.

Additionally, Google focuses on protecting and enhancing nature and biodiversity through responsible sourcing and building for biodiversity at their campuses. They also engage employees in sustainability initiatives and provide opportunities for them to contribute to environmental issues. Overall, Google seeks to leverage its technology and platforms to drive broader environmental action beyond its own operations.","Google's approach to sustainability includes operating sustainably, achieving net-zero carbon, water stewardship, and promoting a circular economy.",1.0,0.9632393311921427,0.49999999995,1.0,0.0,0.9284634452411032
What is the role of Googol in sustainability governance?,"['in partnership with the Egyptian government and the United Nations, and sent a delegation led  \nby Chief Sustainability Officer Kate Brandt and VP of Engineering & Research Yossi Matias, along \nwith a number of senior subject matter experts. Googlers participated in over 50 events and \nmoments throughout the conference with public sector leaders from the United States, Europe, \nAfrica, the Middle East, and Asia to call for amplified ambition on climate, and to showcase the  \nrole that the technology sector can play in enabling climate mitigation and adaptation.\nUnited States\nEngagement on U.S. federal sustainability, climate, and energy policy\nLegislative branch \nengagementAs detailed in Google’s lobbying disclosure filings , we conducted lobbying efforts regarding \nU.S. federal sustainability, climate, and energy policy, including on the Clean Energy for \nAmerica Act, the CLEAN Future Act, the Infrastructure Investment and Jobs Act, the Clean', 'Beyond our own footprint, Google’s founding mission—\n“Organize the world’s information and make it universally accessible and useful”—can play a very important role in accelerating progress in climate information and action. A sustainable future will be built upon billions of decisions made by governments, organizations, and individuals, which will need to be grounded in good information. Increasingly, we see through Google Trends that more and more people are looking for ways to live sustainably. I believe that we have many strengths and capabilities in providing quality information that people are seeking to make decisions that’ll drive positive action for our planet.\nHelpful information  can be critical in both efforts to reduce \nemissions as well as adapt to extreme climate events like', 'And for innovation, we’ll call out the many  \nplaces where AI is helping to break down  barriers and advance our work.\nOver my tenure at Google, I’ve seen how we’ve been working to integrate sustainability into our work. This transition is going to be challenging—both for us and for the world at large—and there’s no playbook for making it happen. But we see our efforts as part of a bigger picture, setting our goals to help scale global solutions, and I’m optimistic that we can, through our efforts in both information and innovation, play a helpful role in building a more sustainable and resilient future.\nBenedict  Gomes\nBenedict GomesSVP, Learning & SustainabilityGoogleBy making information accessible and \naccelerating innovation, we can help \ncreate a more sustainable future.   5\n2023 Environmental Report  \nA letter from our  \nChief Sustainability Officer\nI grew up in Muir Beach, California, and was fortunate', 'Empowering individuals:  \nA parking lot full of electric vehicles lined up outside a Google office, \nplugged into charging stations.\nWorking together:  \nSatellite-derived Earth Engine image showing seasonal agricultural peaks \nnear the Columbia and Snake Rivers in Washington state. The perfectly round fields are center pivot irrigated corn and wheat maturing in different months. Data source: Landsat 8, U.S. Geological Survey.\nOperating sustainably:  \nA view of our Bay View campus with the events center in the foreground \nand a Google brandmark sculpture. (Photo: Iwan Baan)\nNet-zero carbon:  \nGolden Hills wind farm in California (43 MW for Google)\nWater stewardship:  \nOur Bay View campus, as seen from across its stormwater retention pond. (Photo: Iwan Baan)\nCircular economy:  \nA closeup of many small, broken circuit boards in a pile. Our approach', 'that Google can make a meaningful difference beyond our own operations and value chain, and they highlight the benefits of helping individuals through our products and\xa0platforms.Our approach\nEvery day, billions of people turn to Google to ask questions, discover something new, or learn about what’s important to them. More people are interested in how to live more sustainably than ever, and our aim is to make it easier for them to do so. In 2022, searches for   \n   “solar energy,”        “electric bicycles,”   and  \n   “electric cars”   reached all-time highs.\u200923 \nThese kinds of changes to lifestyles and behavior matter: the International Energy Agency (IEA) estimates  that \naround 55% of the cumulative emissions reductions needed to achieve a net-zero global energy system by 2050 are linked to consumer choices. Yet, there’s a wide “say-do gap ” among consumers—between those who are \nconcerned about sustainability, and those who ultimately make sustainable decisions.\n\u200924', 'Alphabet’s Board of Directors has delegated to the Audit and Compliance Committee the primary responsibility for the oversight of many of the risks facing our businesses. The Audit and Compliance Committee reviews and discusses with management any major risk exposures, including sustainability risks, and the steps that Alphabet takes to detect, monitor, and actively manage such exposures.In 2022, Google evolved its approach to sustainability governance by creating a Sustainability Focus Area, an internal team led by our SVP of Learning and Sustainability that provides centralized management oversight of sustainability and climate-related issues.The Sustainability Focus Area includes the Chief Sustainability Officer and executives from across the company with diverse skills, from teams such as operations, products, finance, marketing, legal, communications, and policy, among others', 'In Europe, our CEO Sundar Pichai shared virtual remarks at \nour inaugural Google European Sustainability Summit  in Brussels, which brought together policymakers, industry, and civil society to discuss how to accelerate climate action. He said, “At Google, we share the EU’s commitment to action, and want to be a helpful partner in that progress.” In the Asia-Pacific region, we provided a public submission and statement of support for Australia’s Climate Change Bill 2022 to enable the country to meet its Paris Agreement goals and reach net-zero emissions by 2050.\nWe’ve led significant public policy engagement to support \nstrong sustainability outcomes. For instance, in the United States last year, we provided comments  to the SEC’s \nproposed rule  on enhanced climate-related disclosures.', 'The opportunity we have through our products and \nplatforms is reflected in our updated environmental sustainability strategy, which focuses on where we can make the most significant positive impact. Our work is organized around three key pillars: empowering individuals to take action, working together with our partners and customers, and operating our business\xa0sustainably.\nIn 2022, we reached our goal to help 1 billion people \nmake more sustainable choices through our products. We achieved this by offering sustainability features like eco-friendly routing in Google Maps, energy efficiency features in Google Nest thermostats, and carbon emissions information in Google Flights. Looking ahead, our aspiration is to help individuals, cities, and other partners collectively reduce 1 gigaton of their carbon equivalent emissions annually by 2030.\n\u20092', '• Foster partnerships and deepen collaboration  across public and private actors to enable progress on\nclimate mitigation and adaptation by harnessing the full potential of climate solutions.\n• Empower everyone to participate in the transition to a sustainable economy and ensure that the cleanenergy economy provides economic growth for all —spurring a new generation of green jobs, benefiting\nthe communities most impacted by a changing climate, and leaving no one behind in the transition.Policy \nengagement\nEngagement on sustainability policy has been a top \npriority at Google for many years. Most recently, we were an official partner at COP-27  in 2022, where we \nparticipated in over 50 events and moments throughout the conference with public sector leaders from the United States, Europe, Africa, the Middle East, and Asia to call for amplified ambition on climate and to showcase the role that the technology sector can play in enabling climate mitigation and adaptation.', 'Sustainable \nconsumption of \npublic goods (e.g., \n“right to repair”)Google submitted comments to the European Commission’s public consultation regarding \nthe promotion of repair and reuse of goods. We shared our views on the core principles to \nconsider when introducing policy measures to promote repair and reuse horizontally, and for \nsmartphones and tablets specifically.\nBody of European \nRegulators \nfor Electronic \nCommunications \n(BEREC)Google responded to a questionnaire  by BEREC in view of the development of key performance \nindicators to characterize the environmental impact of electronic communications, networks, \ndevices, and services. We provided information about our environmental reporting practices \nand suggestions to help identify which indicators would provide relevant environmental \ninformation.\nEngagement with coalitions and sustainability initiatives\nRE-Source PlatformGoogle is a strategic partner and steering committee member of the RE-Source Platform, the']","Googol plays a significant role in sustainability governance by engaging in partnerships with governments and organizations, such as the Egyptian government and the United Nations, to promote climate action. The company actively participates in events and discussions aimed at amplifying ambition on climate issues and showcasing how the technology sector can contribute to climate mitigation and adaptation.

Additionally, Googol's approach to sustainability governance includes creating a centralized Sustainability Focus Area, which oversees sustainability and climate-related issues across the company. This team is composed of executives from various departments, ensuring a comprehensive approach to managing sustainability risks and initiatives.

The company also focuses on empowering individuals to make sustainable choices through its products and platforms, aiming to help a billion people make more sustainable decisions. This includes features like eco-friendly routing in Google Maps and energy efficiency tools in Google Nest. Furthermore, Googol engages in public policy discussions to support strong sustainability outcomes and collaborates with various stakeholders to foster a transition to a sustainable economy.",The context does not provide specific information about Google's role in sustainability governance.,1.0,0.9669177625991962,,0.0,0.0,0.838417179302059
How has the understanding of Learning and Sustainability evolved since the late 1980s?,"['4\n2023 Environmental Report  \nExecutive letters\nA letter from our Senior Vice President \nof Learning and Sustainability\nI was introduced to the problem of climate change in the late \n1980s through a prescient class I took as an undergraduate. The models were less sophisticated and more uncertain than they are today, but the implications were already worrying. Thirty years later much has changed. The threat is now more immediate, but the world is also taking action—from governmental policy and technology innovation to actions by individuals and organizations—driven by a broader awareness of the danger.\nI worked on Search for 20 years, leading the product for', 'About Google\n 76\nSustainab i\nlity governance  76\nRisk management  77\nStakeholder engagement  78\nPublic policy and advocacy  79\nPartnerships  83\nAwards and recognition 84\nAppendix  85\nReporting approach and methodology  86\nEnvironmental data tables 90\nEnvironmental reporting frameworks index  96\nEndnotes 101\nGlossary  1\n03\n   2\n2023 Environmental Report     3\n2023 Environmental Report  \nIntroductionExecutive letters\nSVP of Learning and \nSustainability\nChief Sustainability Officer\nHighlights\nOur sustainability strategyTargets and progress summaryEmerging opportunities\nAI for sustainability\nOur gigaton aspiration\n   4\n2023 Environmental Report  \nExecutive letters\nA letter from our Senior Vice President \nof Learning and Sustainability\nI was introduced to the problem of climate change in the late', 'that Google can make a meaningful difference beyond our own operations and value chain, and they highlight the benefits of helping individuals through our products and\xa0platforms.Our approach\nEvery day, billions of people turn to Google to ask questions, discover something new, or learn about what’s important to them. More people are interested in how to live more sustainably than ever, and our aim is to make it easier for them to do so. In 2022, searches for   \n   “solar energy,”        “electric bicycles,”   and  \n   “electric cars”   reached all-time highs.\u200923 \nThese kinds of changes to lifestyles and behavior matter: the International Energy Agency (IEA) estimates  that \naround 55% of the cumulative emissions reductions needed to achieve a net-zero global energy system by 2050 are linked to consumer choices. Yet, there’s a wide “say-do gap ” among consumers—between those who are \nconcerned about sustainability, and those who ultimately make sustainable decisions.\n\u200924', 'At Google, we believe that realizing a sustainable world means that we must accelerate the transition to a circular economy  where people, the planet, and businesses thrive. \nThis is a large and complex global challenge, but we’ve \nalways viewed a challenge as an opportunity to be helpful and make things better for everyone. \nWhile we’re excited about our journey to a circular \neconomy, we recognize that we’ll face many challenges along the way. For example:\n• Recovering and diverting resources from landfills requires robust collection and recycling infrastructure around the world, beyond what exists today.\n• The lack of financially healthy end markets and local reuse infrastructure for salvaged resources often prevents or prohibits materials from making their way back into the economy.', 'In 2022, we audited a subset of our suppliers to verify \ncompliance for the following environmental criteria: implementation of environmental management systems, environmental permits and reporting, product content restrictions, and resource efficiency, as well as management of hazardous substances, wastewater,  solid waste, and air emissions.\nGooglers chat among indoor plants at our Pier 57 office in New York City.   79\n2023 Environmental Report  Public policy and advocacy\nWe know that strong public policy action is critical to \ncreating prosperous, equitable, and resilient low-carbon economies around the world. \nThe United Nations Framework Convention on Climate \nChange (UNFCCC)’s 2015 Paris Agreement states that humanity must “keep global temperature rise this century well below 2°C above pre-industrial levels.”\n\u2009143 Google', 'the United States for pre-owned products, such as used and refurbished products. The journey \nahead\nWhile a single individual’s actions may seem small, when \nbillions of people have the tools to make more sustainable decisions, they add up to have a meaningful impact on their communities and the entire planet. \nWe’re excited by the opportunity to enable climate and \nenvironmental action far beyond Google’s direct impact, through information and innovation.\nLEARN MORE\n • Empowering with technology\n • Google Maps eco-friendly routing\n • Searching for sustainability with Google\n • Supporting a clean energy future with Nest Renew\n • The search for sustainability   20\n2023 Environmental Report  Working \ntogether\nWe’re working together with our \npartners and customers to advance technology for sustainabilityOur ambition\nOur approach\nSupporting partners\nInvesting in breakthrough \ninnovation\nCreating ecosystems for \ncollaboration\nThe journey ahead\n   21\n2023 Environmental Report  Our ambition', 'And for innovation, we’ll call out the many  \nplaces where AI is helping to break down  barriers and advance our work.\nOver my tenure at Google, I’ve seen how we’ve been working to integrate sustainability into our work. This transition is going to be challenging—both for us and for the world at large—and there’s no playbook for making it happen. But we see our efforts as part of a bigger picture, setting our goals to help scale global solutions, and I’m optimistic that we can, through our efforts in both information and innovation, play a helpful role in building a more sustainable and resilient future.\nBenedict  Gomes\nBenedict GomesSVP, Learning & SustainabilityGoogleBy making information accessible and \naccelerating innovation, we can help \ncreate a more sustainable future.   5\n2023 Environmental Report  \nA letter from our  \nChief Sustainability Officer\nI grew up in Muir Beach, California, and was fortunate', 'on something outside of their primary role—related to sustainability. One great example of this is Project Sunroof, which began as a 20% project back in 2015. Lastly, employees have the opportunity to learn about sustainability through internal newsletters and education campaigns.\nSupplier \nengagement\nThrough our supplier responsibility  program , we’re \nworking to build an energy-efficient, low-carbon, \ncircular supply chain that makes smart use of the Earth’s resources, protects ecosystems, and helps to combat climate change. We focus on the areas where we can make an immediate and lasting impact, such as helping our suppliers improve their environmental performance and integrate inclusivity, climate resilience, water stewardship, and circular design into our supply chain. We believe these principles can play a key role in reducing environmental impact and protecting human rights and community health.Google’s Supplier Code of Conduct includes requirements', 'create a more sustainable future.   5\n2023 Environmental Report  \nA letter from our  \nChief Sustainability Officer\nI grew up in Muir Beach, California, and was fortunate \nto spend my childhood exploring its beautiful redwood forests and vibrant tidepools with my family. Today, I’m raising my daughter in these same special places, but now these delicate ecosystems are threatened, just like many other parts of the world. \nClimate change affects all aspects of society, from food \nproduction and human health to infrastructure and the economy. These impacts are interconnected and can have a cascading effect on people and the planet. The response calls for systemic, global action to reduce emissions, improve watershed health, maximize the reuse of finite resources, and protect biodiversity.\nSince Google was founded, our efforts to mitigate climate', 'time wildfire boundaries in Search and Maps are available in cities around the world 100s of sources\nof sustainability data, from most OECD countries , aggregated by \nData Commons—making data more accessible and useful for addressing sustainability challenges\nOperating  \nsustainably10+ GW\nof clean energy  generation capacity from \nmore than 80 signed agreements from 2010 to 2022—the equivalent capacity of more than 31 million solar\xa0panels271 million gallons\nof water  replenished as of the end of 2022—\nequivalent to more than 400 Olympic-sized swimming pools100%\nof Pixel, Nest, and Chromecast devices launched in 2022 include recycled materials\n\u20099 44 acres\nof native habitat  restored on our  \nBay Area campuses as of the end  of 2022   7\n2023 Environmental Report  \nOur \nsustainability strategy\nWe believe Google has a unique \nopportunity that extends beyond  \nmanaging the environmental impacts  of our own operations and value chain.\nBy making information accessible and by driving']","Since the late 1980s, the understanding of Learning and Sustainability has evolved significantly. Initially, the models for understanding climate change were less sophisticated and more uncertain, but the implications were already concerning. Over the past thirty years, the threat of climate change has become more immediate, prompting a broader awareness and action from governments, organizations, and individuals. 

Today, there is a greater emphasis on integrating sustainability into various sectors, with a focus on consumer choices and their impact on emissions reductions. The concept of a circular economy has gained traction, highlighting the need for sustainable practices that benefit people, the planet, and businesses. Additionally, there is recognition of the importance of public policy and innovation in driving sustainability efforts. Overall, the evolution reflects a shift from awareness to action, with a collective effort to address the challenges posed by climate change.","Since the late 1980s, the understanding of Learning and Sustainability has evolved significantly. Initially, the models regarding climate change were less sophisticated and more uncertain, but over the years, the threat has become more immediate. There is now a broader awareness of the dangers posed by climate change, leading to actions from governmental policy, technology innovation, and initiatives by individuals and organizations.",,0.9999999999999998,,1.0,0.76,0.9703972471886008
How Google get to carbon neutrality and what they do for environment?,"['in four key ways: accelerating the transition to a net-zero carbon future, advancing water stewardship, building a circular economy, and protecting nature and biodiversity.Our \noperations\nGoogle uses energy, natural resources, and products \nand services to build our workplaces, data centers, and consumer hardware products. At the end of 2022, we had offices and data centers in roughly 200 cities  and nearly \n60 countries  around the world. We also had two retail \nstores, both in New York City.\nThe products and services that our customers and users \nrely on—like Gmail, Google Cloud, Search, and YouTube—are powered by our data centers and networking infrastructure. At the end of 2022, we had 28 Google-owned and -operated data center campuses across 24 data center locations\n\u200965 on four continents, as well as more \nthan 30 Google Cloud regions . In addition to our Google-\nowned and -operated data centers, we use additional third-party-operated data centers as well.', 'that Google can make a meaningful difference beyond our own operations and value chain, and they highlight the benefits of helping individuals through our products and\xa0platforms.Our approach\nEvery day, billions of people turn to Google to ask questions, discover something new, or learn about what’s important to them. More people are interested in how to live more sustainably than ever, and our aim is to make it easier for them to do so. In 2022, searches for   \n   “solar energy,”        “electric bicycles,”   and  \n   “electric cars”   reached all-time highs.\u200923 \nThese kinds of changes to lifestyles and behavior matter: the International Energy Agency (IEA) estimates  that \naround 55% of the cumulative emissions reductions needed to achieve a net-zero global energy system by 2050 are linked to consumer choices. Yet, there’s a wide “say-do gap ” among consumers—between those who are \nconcerned about sustainability, and those who ultimately make sustainable decisions.\n\u200924', 'The opportunity we have through our products and \nplatforms is reflected in our updated environmental sustainability strategy, which focuses on where we can make the most significant positive impact. Our work is organized around three key pillars: empowering individuals to take action, working together with our partners and customers, and operating our business\xa0sustainably.\nIn 2022, we reached our goal to help 1 billion people \nmake more sustainable choices through our products. We achieved this by offering sustainability features like eco-friendly routing in Google Maps, energy efficiency features in Google Nest thermostats, and carbon emissions information in Google Flights. Looking ahead, our aspiration is to help individuals, cities, and other partners collectively reduce 1 gigaton of their carbon equivalent emissions annually by 2030.\n\u20092', 'I worked on Search for 20 years, leading the product for \nmany of those, and learned a lot about the unique impact Google can have on the world. I’ve always been proud of Google’s leadership in pushing the boundaries of sustainability in our data centers, including achieving carbon neutrality in 2007 (at the time, such accomplishments were uncommon). Going further, we’ve matched 100% of our global electricity use with renewable energy purchases for the last six years—a goal that seemed almost crazy when we set it in 2012. \nToday our ambitions have evolved—we now have a bold', 'Empowering individuals:  \nA parking lot full of electric vehicles lined up outside a Google office, \nplugged into charging stations.\nWorking together:  \nSatellite-derived Earth Engine image showing seasonal agricultural peaks \nnear the Columbia and Snake Rivers in Washington state. The perfectly round fields are center pivot irrigated corn and wheat maturing in different months. Data source: Landsat 8, U.S. Geological Survey.\nOperating sustainably:  \nA view of our Bay View campus with the events center in the foreground \nand a Google brandmark sculpture. (Photo: Iwan Baan)\nNet-zero carbon:  \nGolden Hills wind farm in California (43 MW for Google)\nWater stewardship:  \nOur Bay View campus, as seen from across its stormwater retention pond. (Photo: Iwan Baan)\nCircular economy:  \nA closeup of many small, broken circuit boards in a pile. Our approach', 'See hybrid and electric vehicle options on Google Search\nWhen people search for car models and brands, we tag hybrid and electric options to make them easier to find.  \nAnd when people look into a specific EV, we show compatible charging stations nearby and typical charge times.\n   14\n2023 Environmental Report  Helping people make more  \nsustainable choices\nIn 2020, we announced a goal to help 1 billion people make \nmore sustainable choices through our products by 2022. We’re pleased to share that we reached that goal in 2022, through innovative solutions offered to users, including:\n • Google Nest: Programmable energy efficiency \nschedules for homes that can help users save energy, money, and carbon emissions throughout the day. • Google Maps:  Eco-friendly routing feature that shows \nusers the most fuel-efficient route, based on factors such as traffic and road incline.\n • Google Travel:  Users can see associated carbon', '15—more than double Portugal’s annual electricity \nconsumption\u200916 and equivalent to avoiding an estimated  \n36 million tCO2e emissions.\u200917 \nOptimization: Bringing carbon-efficient computing to customers and partners.  We’ve made significant \ninvestments in cleaner cloud computing by making our data centers some of the most efficient in the world and sourcing more carbon-free energy. We’re helping our customers make real-time decisions to reduce emissions, and mitigate climate risks with data and AI. For example, Google Cloud customers can reduce their cloud footprint with a feature called Active Assist, which uses machine learning to identify unused (and potentially wasteful) workloads that could reduce carbon emissions if\xa0removed.\nOur planet, as seen via Google Earth ©2020 Landsat / Copernicus\nWe believe that AI is a foundational and transformational technology that will provide compelling and helpful', '2\nAfter two years of condensed reporting, we’re sharing a deeper dive into our approach in one place in our 2023 Environmental Report. In 2022, we continued to make measurable progress in many key ways, such as:\n• We enhanced and launched new sustainabilityproduct features , such as eco-friendly routing in\nMaps, which is estimated to have helped preventmore than 1.2 million metric tons of carbon emissionsfrom launch through 2022—equivalent to takingapproximately 250,000 fuel-based cars off the roadfor a year.\n\u20093\n• We expanded the availability of Google EarthEngine —which provides access to reliable, up-to-\ndate insights on how our planet is changing—toinclude businesses and governments worldwide as anenterprise-grade service through Google Cloud.• We opened our new Bay View campus , which is\nall-electric, net water-positive, restores over 17 acresof high-value nature, and incorporates the leadingprinciples of circular design.', 'Climate Neutral Data Centre Pact (CNDCP)Google helped establish the Climate Neutral Data Centre Pact, a coalition of European data center operators who commit to a set of voluntary sustainability targets to set them on a path toward climate neutrality.\nEllen MacArthur Foundation (EMF)Google is a partner of the Ellen MacArthur Foundation, having joined the foundation’s network in 2015, and has co-authored a number of thought leadership white papers and case studies in areas such as safer chemistry,  \nthe deconstruction and reuse of commercial office buildings, electronics, and AI.\nEnvironmental Defense Fund (EDF) Google has partnered  with EDF to map air quality using Street View cars in the U.S., Europe, and Southeast Asia, \nand to detect methane leaks in cities since 2011.\nEuropean 24/7 HubGoogle supported the launch of the European 24/7 Hub with Eurelectric, which provides education on the', 'Our approach\nSupporting partners\nInvesting in breakthrough \ninnovation\nCreating ecosystems for \ncollaboration\nThe journey ahead\n   21\n2023 Environmental Report  Our ambition\nWe believe that Google has a unique \nopportunity that extends beyond reducing \nthe environmental impacts of our own \noperations and value chain. By organizing \ninformation about our planet and making \nit actionable through technology and \nplatforms, we can help partners and \ncustomers create even more positive impact.\nDigital technologies  play a critical role in industry \ntransitions, allowing us to measure and track sustainability \nprogress, optimize the use of resources, reduce \ngreenhouse gas emissions, and enable a more circular \neconomy.\u200950 Cloud computing and digital technologies \nunderpin the transformation in many sectors, such as \nenergy, transportation, and agriculture. Research  that \nwe commissioned in 2022 found that 20%–25% of what’s \nrequired for the EU’s 2050 net-zero goal requires some']","Google has achieved carbon neutrality and is actively working towards environmental sustainability through several key initiatives:

1. **Carbon Neutrality**: Google reached carbon neutrality in 2007 and has matched 100% of its global electricity use with renewable energy purchases for the last six years.

2. **Sustainability Features**: The company has developed various features in its products to help users make more sustainable choices. For example, Google Maps offers eco-friendly routing to show the most fuel-efficient routes, and Google Nest provides energy efficiency schedules to help users save energy.

3. **Empowering Individuals**: Google aims to help 1 billion people make more sustainable choices through its products, achieving this goal in 2022. They plan to help reduce 1 gigaton of carbon equivalent emissions annually by 2030.

4. **Collaboration and Partnerships**: Google collaborates with various organizations, such as the Climate Neutral Data Centre Pact and the Ellen MacArthur Foundation, to promote sustainability in data centers and circular economy practices.

5. **Innovative Solutions**: Google invests in cleaner cloud computing and uses AI to help customers reduce their carbon footprints. They also provide tools for businesses and governments to access insights on environmental changes through Google Earth Engine.

6. **Water Stewardship and Circular Economy**: Google is committed to advancing water stewardship and building a circular economy, as demonstrated by their all-electric, net water-positive Bay View campus.

Through these efforts, Google is not only reducing its own environmental impact but also enabling others to do the same.","Google achieved carbon neutrality in 2007, which was uncommon at the time. They have also matched 100% of their global electricity use with renewable energy purchases for the last six years, a goal that seemed almost crazy when they set it in 2012.",,0.9276484439939626,,,0.32,0.9073195571960379
How do we achive carbon-free enery?,"['2023 Environmental Report  Advancing carbon-free energy\nOur primary approach for reducing our Scope 2 emissions \nis through the procurement of carbon-free energy.\u200983 Since \n2017, we’ve matched 100% of the electricity consumption of our global operations with purchases of renewable energy on an annual basis.\n\u200984 \nHowever, because of differences in the availability of renewable energy sources like solar and wind across the regions where we operate—and because of the variable supply of these resources—we still need to rely on carbon-emitting energy sources that power local grids (see Figure 15). That’s why, in 2020, we set a goal to run on 24/7 carbon-free energy on every grid where we operate by 2030, aiming to procure clean energy to meet our electricity needs, every hour of every day, within every grid where we operate. Achieving this will also increase the impact of our clean energy procurement on the decarbonization of the grids that serve us.', 'Availability of carbon-free energy\n• There are often long lead times between our investments and resulting GHG reductions. For example, with new wind and solar projects, it can take years before projects that we contract are constructed and begin to generate clean electricity. \n• System-level decarbonization is proceeding more slowly than needed in many regions and sectors, and while we aim to accelerate these changes through our efforts and engagement, they aren’t within our control.\nUse of carbon removals\n• Because the carbon removals sector is in the earliest stage of development, costs are currently high, and there are limited volumes of removals available for purchase.\n\u200968', 'Environmental Protection Agency, accessed 2022.\n82 See endnote 81 above.\n83 Carbon-free energy is any type of electricity generation that doesn’t \ndirectly emit carbon dioxide, including (but not limited to) solar, wind, \ngeothermal, hydropower, and nuclear. Sustainable biomass and carbon \ncapture and storage (CCS) are special cases considered on a case-by-case \nbasis, but are often also considered carbon-free energy sources.\n84 Alphabet’s renewable energy methodology is a custom calculation and is \nbased on a global approach. Percentage of renewable energy is calculated \non a calendar-year basis, dividing the volume of renewable electricity \n(in megawatt-hours) procured for our global operations (i.e., renewable \nenergy procured through our PPA contracts, on-site renewable energy \ngeneration, and renewable energy in the electric grids where our facilities \nare located) by the total volume of electricity consumed by our global', '85We’re working to achieve 24/7 CFE through three main initiatives: purchasing carbon-free energy , accelerating \nnew and improved technologies , and transforming the \nenergy system  through partnerships and advocacy.\nFIGURE 15\nHourly carbon-free energy performance at an example data center\nWhile Google buys large amounts of wind and solar power (symbolized by green spikes \nbelow), these resources are variable, meaning that our data centers still sometimes rely on carbon-based resources. \nData \ncenter\nelectricity\ndemandJanuary 1 December 31Legend\nGaps in carbon-free energy\nCarbon-free energy supplyPurchasing  \ncarbon-free energy\nAchieving 24/7 CFE is far more complex and technically', 'Clean energy is also critical to reducing emissions across \nour value chain. Procuring carbon-free energy has a significant impact on reducing our Scope 2 emissions by eliminating emissions associated with our electricity use. In addition, a significant share of our Scope 3 emissions can be traced back to the electricity grids that power our suppliers and users, so accelerating the decarbonization of electricity grids is also key to our net-zero goal. For more information, see the Carbon-free energy  section.\nTARGET\nReduce 50% of our \ncombined Scope 1, 2 (market-based), and 3 absolute GHG emissions before 20302022 PROGRESS\nTotal GHG emissions: 10.2 million tCO\n2e*\n*Due to a methodology change, we’re not reporting\na percent progress towards this target for 2022\nDETAILS', '2030 (24/7 CFE). We’ve been working hard to transition our operations and the electricity grids that serve us to cleaner sources of power, through a combination of clean energy procurement, technology innovation, and policy advocacy. And we expect our work to decarbonize electricity grids where we operate to contribute to decarbonization across our value chain as well.\nCharting our path\nAchieving net-zero emissions and 24/7 CFE by 2030 are extremely ambitious goals—what we call “moonshots.” We also know that our path to net-zero emissions won’t be easy or linear; it may require us to navigate significant uncertainty and deploy new systems and technologies across our business. Some of our plans will take years to deliver their full results, particularly where they involve building new large-scale infrastructure with long lead times. So as our business continues to evolve, we expect our emissions to rise before dropping towards our absolute emissions reduction target.', 'Google works with suppliers around the world. The electricity grids in many countries where our suppliers operate lack sufficient carbon-free energy capacity to support rapidly growing demand, and may even face energy shortages that affect not just manufacturing but also the communities and livelihoods of the people in these regions. Our long-term vision is that all of our suppliers—for hardware manufacturing, transport, logistics, and indirect services—and their communities have access to reliable, cost-effective, carbon-free energy. And we’ll get there only through significant global investment in new wind, solar, and other clean energy capacity, as well as more robust grid systems.In addition to purchasing renewable energy for our own operations, we also make targeted investments in renewable energy. Investment in renewable capacity is a scalable approach to creating system-level change by driving grid decarbonization and enabling greater access to carbon-free energy', 'Data \ncenter\nelectricity\ndemandJanuary 1 December 31Legend\nGaps in carbon-free energy\nCarbon-free energy supplyPurchasing  \ncarbon-free energy\nAchieving 24/7 CFE is far more complex and technically \nchallenging than annually matching our energy use with renewable energy purchases. No company of our size  has achieved 24/7 CFE before, and there’s no playbook  for making it happen. But we see our efforts as part of a bigger picture, and we’ve set this ambitious goal to help scale new, global solutions. We’re excited to see others—like the U.S. federal government —set similar goals as well.Renewable energy \nprocurement\nWe buy electricity directly from new wind and solar farms \nvia long-term PPAs on the grids where we operate, and we also buy renewable power through utilities via renewable energy purchasing models that we helped create.\nFrom 2010 to 2022, we signed more than 80 agreements', 'the-clock carbon-free energy. \nCFE for commercial real estate faces different challenges, \nincluding variability in building characteristics, work patterns, and geographic locations with a broad range of electricity grid carbon intensities. In addition to helping us achieve our own climate goals, pursuing CFE for our offices can help expand clean energy options in the cities we call home. \nGolden Hills wind farm in California (43 MW for Google)\n   44\n2023 Environmental Report  FIGURE 18\nGlobal data center carbon-free energy map\nCHILE\n90%TENNESSEE\n63%\nOREGON\n89%\nOKLAHOMA\n87%IOWA\n96%\nNEBRASKA\n87%\nNEVADA\n27%\nTEXAS\n41%UTAH\n31%IRELAND\n39%\nBELGIUM80%NETHERLANDS57%\nALABAMA\n63%JAPAN\n16%\nGEORGIA\n40%SOUTH CAROLINA26%NORTH CAROLINA63%VIRGINIA60%\nTAIWAN18%FINLAND97%DENMARK90%\nSINGAPORE\n4%OHIO60%\n100% match with \ncarbon-free energy\n0% match with\ncarbon-free energyMidnight\n12:0006:00 18:00How to read clocks\nExampleIn 2022, Google reached 64%', 'Our approach\nOur core business involves using data to solve hard problems, and our unique strength is combining engineering skills with an innovative mindset and a global reach.\nThere are three main focus areas that make up our approach to our net-zero goal: reducing emissions across our operations and value chain, advancing carbon-free energy, and addressing our residual emissions with carbon removals (see Figure 10).\nFIGURE 10 Our net-zero approach\nCarbon reduction\nReduce emissions across our \noperations and value chainCarbon-free energy\nAdvance carbon-free energy across \nour operations and value chain Carbon removals\nAddress our residual emissions  \nwith carbon removals   35\n2023 Environmental Report  Measuring our carbon footprint\nWe began calculating our annual carbon footprint in 2006. \nEvery year since 2009, we’ve publicly reported the results to CDP , a global organization that asks companies to \ndisclose information on their GHG emissions performance and management.']","To achieve carbon-free energy, we can follow several key strategies:

1. **Procurement of Renewable Energy**: This involves purchasing electricity from renewable sources such as solar, wind, geothermal, hydropower, and nuclear. Companies can match their electricity consumption with renewable energy purchases, as seen in the example where a company has matched 100% of its electricity consumption with renewable energy since 2017.

2. **24/7 Carbon-Free Energy Goals**: Setting ambitious goals to run on carbon-free energy every hour of every day within every operational grid. This requires a commitment to procure clean energy continuously, not just on an annual basis.

3. **Investment in New Technologies**: Accelerating the development and deployment of new and improved technologies that can enhance the efficiency and availability of carbon-free energy sources.

4. **Partnerships and Advocacy**: Collaborating with other organizations, governments, and stakeholders to transform the energy system and advocate for policies that support the transition to carbon-free energy.

5. **System-Level Decarbonization**: Engaging in efforts to decarbonize the electricity grids that serve operations, which can also contribute to reducing emissions across the entire value chain.

6. **Long-Term Investments**: Making targeted investments in renewable energy capacity to drive system-level change and increase access to carbon-free energy.

By implementing these strategies, organizations can work towards achieving carbon-free energy and significantly reduce their greenhouse gas emissions.","To achieve carbon-free energy, we have set a bold goal to run on 24/7 carbon-free energy on every grid where we operate as part of our ambition to reach net-zero emissions across all of our operations and value chain.",,0.9431013881756058,,,0.11,0.8707302436034591
How can Google's mission contribute to addressing climate challenges and promoting sustainability?,"['Beyond our own footprint, Google’s founding mission—\n“Organize the world’s information and make it universally accessible and useful”—can play a very important role in accelerating progress in climate information and action. A sustainable future will be built upon billions of decisions made by governments, organizations, and individuals, which will need to be grounded in good information. Increasingly, we see through Google Trends that more and more people are looking for ways to live sustainably. I believe that we have many strengths and capabilities in providing quality information that people are seeking to make decisions that’ll drive positive action for our planet.\nHelpful information  can be critical in both efforts to reduce \nemissions as well as adapt to extreme climate events like', 'of over 140 partner organizations.\nThe Google.org Impact Challenge on Climate Innovation supports breakthrough projects that use data and technology to \naccelerate climate action.\nThe journey ahead\nFrom measuring and monitoring changes on the Earth’s surface, improving forecast and prediction models for flooding and wildfires, optimizing operations, combining disparate data sources, and designing more efficient products, we continue to leverage our expertise in technology and apply the latest advancements to help solve global challenges.\nWe believe that by working together with our partners and \ncustomers, we can make a real difference in addressing the challenges of climate change and ecosystem degradation. LEARN MORE\n• Data Commons\n• Environmental Insights Explorer\n• Google Cloud sustainability\n• Google Earth Engine\n• Sustainability-focused accelerators   31\n2023 Environmental Report  Operating \nsustainably\nWe’re showing the way forward \nthrough our own operationsOur ambition', 'that Google can make a meaningful difference beyond our own operations and value chain, and they highlight the benefits of helping individuals through our products and\xa0platforms.Our approach\nEvery day, billions of people turn to Google to ask questions, discover something new, or learn about what’s important to them. More people are interested in how to live more sustainably than ever, and our aim is to make it easier for them to do so. In 2022, searches for   \n   “solar energy,”        “electric bicycles,”   and  \n   “electric cars”   reached all-time highs.\u200923 \nThese kinds of changes to lifestyles and behavior matter: the International Energy Agency (IEA) estimates  that \naround 55% of the cumulative emissions reductions needed to achieve a net-zero global energy system by 2050 are linked to consumer choices. Yet, there’s a wide “say-do gap ” among consumers—between those who are \nconcerned about sustainability, and those who ultimately make sustainable decisions.\n\u200924', 'Since Google was founded, our efforts to mitigate climate \nchange have started with our own operations, and we’ve worked hard to lead by example with the ultimate goal of driving larger systemic change. In our third decade of climate action, we’ll continue to take a science-based approach to our efforts, while sharing our own lessons and progress with others. \nI joined Google eight years ago to lead our sustainability \nefforts, and have witnessed our sense of urgency and ambition firsthand. We’re empowering individuals, governments, businesses, and other organizations to make decisions that can drive positive action for people and our planet.\nThe opportunity we have through our products and', 'The opportunity we have through our products and \nplatforms is reflected in our updated environmental sustainability strategy, which focuses on where we can make the most significant positive impact. Our work is organized around three key pillars: empowering individuals to take action, working together with our partners and customers, and operating our business\xa0sustainably.\nIn 2022, we reached our goal to help 1 billion people \nmake more sustainable choices through our products. We achieved this by offering sustainability features like eco-friendly routing in Google Maps, energy efficiency features in Google Nest thermostats, and carbon emissions information in Google Flights. Looking ahead, our aspiration is to help individuals, cities, and other partners collectively reduce 1 gigaton of their carbon equivalent emissions annually by 2030.\n\u20092', 'Empowering individuals:  \nA parking lot full of electric vehicles lined up outside a Google office, \nplugged into charging stations.\nWorking together:  \nSatellite-derived Earth Engine image showing seasonal agricultural peaks \nnear the Columbia and Snake Rivers in Washington state. The perfectly round fields are center pivot irrigated corn and wheat maturing in different months. Data source: Landsat 8, U.S. Geological Survey.\nOperating sustainably:  \nA view of our Bay View campus with the events center in the foreground \nand a Google brandmark sculpture. (Photo: Iwan Baan)\nNet-zero carbon:  \nGolden Hills wind farm in California (43 MW for Google)\nWater stewardship:  \nOur Bay View campus, as seen from across its stormwater retention pond. (Photo: Iwan Baan)\nCircular economy:  \nA closeup of many small, broken circuit boards in a pile. Our approach', '• Foster partnerships and deepen collaboration  across public and private actors to enable progress on\nclimate mitigation and adaptation by harnessing the full potential of climate solutions.\n• Empower everyone to participate in the transition to a sustainable economy and ensure that the cleanenergy economy provides economic growth for all —spurring a new generation of green jobs, benefiting\nthe communities most impacted by a changing climate, and leaving no one behind in the transition.Policy \nengagement\nEngagement on sustainability policy has been a top \npriority at Google for many years. Most recently, we were an official partner at COP-27  in 2022, where we \nparticipated in over 50 events and moments throughout the conference with public sector leaders from the United States, Europe, Africa, the Middle East, and Asia to call for amplified ambition on climate and to showcase the role that the technology sector can play in enabling climate mitigation and adaptation.', 'And for innovation, we’ll call out the many  \nplaces where AI is helping to break down  barriers and advance our work.\nOver my tenure at Google, I’ve seen how we’ve been working to integrate sustainability into our work. This transition is going to be challenging—both for us and for the world at large—and there’s no playbook for making it happen. But we see our efforts as part of a bigger picture, setting our goals to help scale global solutions, and I’m optimistic that we can, through our efforts in both information and innovation, play a helpful role in building a more sustainable and resilient future.\nBenedict  Gomes\nBenedict GomesSVP, Learning & SustainabilityGoogleBy making information accessible and \naccelerating innovation, we can help \ncreate a more sustainable future.   5\n2023 Environmental Report  \nA letter from our  \nChief Sustainability Officer\nI grew up in Muir Beach, California, and was fortunate', '135 \nPreserving nature is critical both to mitigating climate  \nchange and adapting to it. We want nature and people to flourish together in the communities that Google calls  home, as well as the ecosystems where we source food  for the hundreds of cafes we operate. Our approach\nWe strive to protect and enhance nature and biodiversity through our campuses and technology.\nGoogle has offices in nearly 60 countries around the world \n(as of year-end 2022). In these locations, we aim to protect and enhance nature and biodiversity through a four-pillar approach that starts with building biodiversity at our own office and campus developments, as well as protecting nature and making it more accessible in the surrounding communities where we operate (see Figure 24).\xa0\nOur approach further focuses on sourcing responsibly', 'Given the scale of the problem, innovation  will also be \nkey to getting us to a better future. In order to push the \nfrontiers of innovation, Google has long had a world-class research organization that’s been at the forefront of AI and machine learning. These solutions can help in predicting \nmore extreme weather (flood forecasting, for instance), optimizing systems from traffic lights to car routes, and mitigating climate change in new ways, for example. \nIn our 2023 Environmental Report, we’re highlighting how \nthese themes of information and innovation run through much of our work:\nFor information, we’ll feature Google Trends  \ninsights alongside key initiatives to show how our work is informed by societal trends and\xa0expectations.\nAnd for innovation, we’ll call out the many  \nplaces where AI is helping to break down  barriers and advance our work.']","Google's mission to ""organize the world’s information and make it universally accessible and useful"" can significantly contribute to addressing climate challenges and promoting sustainability in several ways:

1. **Providing Quality Information**: By leveraging its capabilities in data and technology, Google can help individuals, governments, and organizations access critical information needed to make informed decisions that drive positive environmental actions. This includes insights into sustainable living and climate-related data.

2. **Supporting Climate Innovation**: Through initiatives like the Google.org Impact Challenge on Climate Innovation, Google supports projects that utilize data and technology to accelerate climate action, fostering innovation that can lead to effective solutions for climate challenges.

3. **Empowering Individuals**: Google aims to empower users to make sustainable choices through its products. For example, features like eco-friendly routing in Google Maps and carbon emissions information in Google Flights help users make more environmentally conscious decisions.

4. **Collaboration and Partnerships**: Google emphasizes the importance of working with partners and customers to tackle climate change. By fostering collaboration across public and private sectors, Google can help harness the full potential of climate solutions.

5. **Innovative Technologies**: Google is at the forefront of AI and machine learning, which can be applied to predict extreme weather events, optimize resource use, and develop new methods for mitigating climate change.

6. **Setting Goals for Impact**: Google has set ambitious goals, such as helping individuals and organizations collectively reduce 1 gigaton of carbon equivalent emissions annually by 2030, demonstrating a commitment to measurable sustainability outcomes.

Through these efforts, Google aims to play a pivotal role in building a more sustainable and resilient future by making information accessible and driving innovation in climate action.","Google’s founding mission—'Organize the world’s information and make it universally accessible and useful'—can significantly contribute to addressing climate challenges by accelerating progress in climate information and action. A sustainable future relies on informed decisions made by governments, organizations, and individuals, which necessitate access to quality information. The increasing interest in sustainable living, as evidenced by Google Trends, highlights the potential for Google to provide the necessary information that empowers people to make decisions that drive positive action for our planet.",,1.0,,,0.4,0.9656112114928967
How does the Search feature contribute to making information accessible for renewable energy decisions?,"['In 2022, we worked with the IEA to rapidly develop a set \nof recommendations  to help individuals reduce energy \nuse at home. When people searched for topics such as “Europe energy crisis” and “energy price”, they saw news articles, local information including financial assistance that may be available, and recommended actions to help conserve energy (see Figure 4).FIGURE 4\nEurope energy information panels\nGoing solar\nGlobal search interest in    “solar energy”   and \n  “solar installation”   reached all-time highs in 2022.\u200936 \nProject Sunroof , launched in 2015 in the United States \nand Puerto Rico, helps people decide whether to go solar. It uses AI to analyze high-resolution aerial mapping and 3D modeling of residential roofs, making estimations of solar potential faster and easier.\nExploring potential solar capacity for homes in San Francisco, California in the Project Sunroof tool.   17\n2023 Environmental Report  Providing sustainable transportation \noptions', 'that Google can make a meaningful difference beyond our own operations and value chain, and they highlight the benefits of helping individuals through our products and\xa0platforms.Our approach\nEvery day, billions of people turn to Google to ask questions, discover something new, or learn about what’s important to them. More people are interested in how to live more sustainably than ever, and our aim is to make it easier for them to do so. In 2022, searches for   \n   “solar energy,”        “electric bicycles,”   and  \n   “electric cars”   reached all-time highs.\u200923 \nThese kinds of changes to lifestyles and behavior matter: the International Energy Agency (IEA) estimates  that \naround 55% of the cumulative emissions reductions needed to achieve a net-zero global energy system by 2050 are linked to consumer choices. Yet, there’s a wide “say-do gap ” among consumers—between those who are \nconcerned about sustainability, and those who ultimately make sustainable decisions.\n\u200924', 'help people make more informed choices about the products they buy and the energy they use.\nEnergy-efficient \nproducts\nSearches for    “how to save energy ”   reached a 10-year \nhigh, worldwide, in 2022.\u200926 And global searches for \n   “heat pumps ”   reached an all-time high in 2022.\u200927 \nWhen someone uses Google Search in the U.S. to look for \nfurnaces or water heaters, suggestions in the Shopping tab can help narrow their search to cost-effective and efficient options (see Figure 2).FIGURE 2\nGoogle Shopping feature for water heaters\n   15\n2023 Environmental Report  Smart thermostats\nNest thermostats  help control residential heating and \ncooling systems, saving energy  in a variety of ways. \nThe collective impact of these savings is significant. \nFrom 2011 to 2022, Nest thermostats have helped customers cumulatively save more than 113 billion kWh of energy\n\u200928—more than double Portugal’s annual \nelectricity consumption\u200929—and equivalent to preventing', 'concerned about sustainability, and those who ultimately make sustainable decisions.\n\u200924 \nTo tackle a problem at the scale of climate change, it can be hard to know where to start. That’s why we’ve taken a first-principles approach, looking at what’s contributing the most to global emissions. Home energy  \nand transportation  are two such areas—collectively \nthey account for more than 20% of emissions.\n\u200925 They’re \nalso sectors where people are actively searching for sustainable alternatives that often provide benefits like saving them money or time, or improving their health.\nThe accuracy and quality of the information that informs \nthese decisions is critical. When people come to us looking for answers, we aim to provide high-quality and authoritative information.FIGURE 1\nSee hybrid and electric vehicle options on Google Search\nWhen people search for car models and brands, we tag hybrid and electric options to make them easier to find.', 'information in these moments, we’re providing information through Search alerts on flooding , wildfire boundaries , and \nextreme heat . More details on how AI enables these alerts \ncan be found in the Working together  section.Recycling points\nPeople recognize that recycling plays a crucial role in preserving the future of our planet; global searches for  \n   “recycling”   are the highest of any sustainability action.\u200945 \nIn 2021, we launched a new feature that makes it easier for people to find nearby recycling points on Search and Maps. In addition to providing information on recycling depots  \nand waste transfer stations, we’re also helping small businesses  share when they offer in-store recycling . By \nadding the new recycling attribute  to Business Profiles on \nSearch and Maps, local storefronts and shops can show  the recycling services they offer in just a few clicks—whether it’s for plastic bottles, packaging, or electronics.\nPre-owned items', 'Google works with suppliers around the world. The electricity grids in many countries where our suppliers operate lack sufficient carbon-free energy capacity to support rapidly growing demand, and may even face energy shortages that affect not just manufacturing but also the communities and livelihoods of the people in these regions. Our long-term vision is that all of our suppliers—for hardware manufacturing, transport, logistics, and indirect services—and their communities have access to reliable, cost-effective, carbon-free energy. And we’ll get there only through significant global investment in new wind, solar, and other clean energy capacity, as well as more robust grid systems.In addition to purchasing renewable energy for our own operations, we also make targeted investments in renewable energy. Investment in renewable capacity is a scalable approach to creating system-level change by driving grid decarbonization and enabling greater access to carbon-free energy', '. Investment in renewable capacity is a scalable approach to creating system-level change by driving grid decarbonization and enabling greater access to carbon-free energy. This is especially significant in markets where credible procurement mechanisms for clean energy are nascent or nonexistent. We aim to invest in clean energy projects that reduce emissions and serve manufacturing operations across our supply chain.', 'Helpful information  can be critical in both efforts to reduce \nemissions as well as adapt to extreme climate events like \nfloods, wildfires, and heat waves. But this information often lives in silos and is hard to access. Making the information accessible and useful can be a tough technical challenge. Our products like Environmental Insights Explorer, Earth Engine, and Data Commons are key solutions to support the decisions that cities and organizations will have to make. Information can also have a significant impact on the decisions of individuals—particularly in the areas of home energy and transportation. Our products like Maps, Search, and Nest reach billions of users around the world, and we’re building many features to respond to the demand for that information in our products. \nGiven the scale of the problem, innovation  will also be \nkey to getting us to a better future. In order to push the', 'Exploring potential solar capacity for homes in San Francisco, California in the Project Sunroof tool.   17\n2023 Environmental Report  Providing sustainable transportation \noptions\nGlobal search interest in    “sustainable transport”   \nreached a 15-year high in 2022.\u200937 Transportation relies \nmore heavily on fossil fuels than any other sector.\u200938 \nThis is why, for people in most high-income countries, \nchanging travel patterns is a high-impact way to reduce their footprint. We’ve added several features across our products to allow people to more easily make sustainable travel and transportation decisions.\nEco-friendly routing\nA simple thing everyone can do to reduce emissions is  use existing vehicles more efficiently. Global searches for \n   “how to save fuel when driving”    have increased by \n60% between 2022 and 2023.\u200939 In 2021, we launched eco-', 'The Environmental Insights Explorer makes actionable climate data available to more than 40,000 cities and regions worldwide.   12\n2023 Environmental Report  Empowering  \nindividuals\nWe’re empowering people  \nwith information to make  more sustainable choicesOur ambition\nOur approach\nHelping people make more \nsustainable choices\nReducing home energy useProviding sustainable \ntransportation options\nSharing other actionable \ninformation\nThe journey ahead\n   13\n2023 Environmental Report  Our ambition\nAt Google, we have an opportunity to lead \nthe transition to a more sustainable future by making information accessible and by driving innovation forward. Grounded in our mission, we’re empowering people with the high-quality information they’re looking for. Through our products and platforms that billions of users engage with every day, we’re helping people make decisions that can drive positive action for our planet.\nLast year’s Intergovernmental Panel on Climate Change']","The Search feature contributes to making information accessible for renewable energy decisions by providing users with high-quality and authoritative information on relevant topics. For instance, when individuals search for terms like ""Europe energy crisis"" or ""energy price,"" they receive not only news articles but also local information, financial assistance options, and recommended actions to conserve energy. Additionally, tools like Project Sunroof help users assess the solar potential of their homes, making it easier to decide on solar energy adoption. Overall, the Search feature facilitates informed decision-making by connecting users with actionable insights and resources related to renewable energy and sustainability.","The Search feature, along with other products like Maps and Nest, reaches billions of users around the world and is designed to respond to the demand for accessible information. This accessibility can significantly impact the decisions of individuals, particularly in areas such as home energy and transportation.",,1.0000000000000002,0.7499999999625,1.0,0.31,0.9007945672753543
How Google Trends help in understanding trends?,"['Given the scale of the problem, innovation  will also be \nkey to getting us to a better future. In order to push the \nfrontiers of innovation, Google has long had a world-class research organization that’s been at the forefront of AI and machine learning. These solutions can help in predicting \nmore extreme weather (flood forecasting, for instance), optimizing systems from traffic lights to car routes, and mitigating climate change in new ways, for example. \nIn our 2023 Environmental Report, we’re highlighting how \nthese themes of information and innovation run through much of our work:\nFor information, we’ll feature Google Trends  \ninsights alongside key initiatives to show how our work is informed by societal trends and\xa0expectations.\nAnd for innovation, we’ll call out the many  \nplaces where AI is helping to break down  barriers and advance our work.', 'Beyond our own footprint, Google’s founding mission—\n“Organize the world’s information and make it universally accessible and useful”—can play a very important role in accelerating progress in climate information and action. A sustainable future will be built upon billions of decisions made by governments, organizations, and individuals, which will need to be grounded in good information. Increasingly, we see through Google Trends that more and more people are looking for ways to live sustainably. I believe that we have many strengths and capabilities in providing quality information that people are seeking to make decisions that’ll drive positive action for our planet.\nHelpful information  can be critical in both efforts to reduce \nemissions as well as adapt to extreme climate events like', 'that Google can make a meaningful difference beyond our own operations and value chain, and they highlight the benefits of helping individuals through our products and\xa0platforms.Our approach\nEvery day, billions of people turn to Google to ask questions, discover something new, or learn about what’s important to them. More people are interested in how to live more sustainably than ever, and our aim is to make it easier for them to do so. In 2022, searches for   \n   “solar energy,”        “electric bicycles,”   and  \n   “electric cars”   reached all-time highs.\u200923 \nThese kinds of changes to lifestyles and behavior matter: the International Energy Agency (IEA) estimates  that \naround 55% of the cumulative emissions reductions needed to achieve a net-zero global energy system by 2050 are linked to consumer choices. Yet, there’s a wide “say-do gap ” among consumers—between those who are \nconcerned about sustainability, and those who ultimately make sustainable decisions.\n\u200924', 'help people make more informed choices about the products they buy and the energy they use.\nEnergy-efficient \nproducts\nSearches for    “how to save energy ”   reached a 10-year \nhigh, worldwide, in 2022.\u200926 And global searches for \n   “heat pumps ”   reached an all-time high in 2022.\u200927 \nWhen someone uses Google Search in the U.S. to look for \nfurnaces or water heaters, suggestions in the Shopping tab can help narrow their search to cost-effective and efficient options (see Figure 2).FIGURE 2\nGoogle Shopping feature for water heaters\n   15\n2023 Environmental Report  Smart thermostats\nNest thermostats  help control residential heating and \ncooling systems, saving energy  in a variety of ways. \nThe collective impact of these savings is significant. \nFrom 2011 to 2022, Nest thermostats have helped customers cumulatively save more than 113 billion kWh of energy\n\u200928—more than double Portugal’s annual \nelectricity consumption\u200929—and equivalent to preventing', 'People can now compare train ticket prices directly on \nGoogle Search for travel in and around select countries. As an example, when looking for \n   “Berlin to Vienna trains,”   \nindividuals will see a new module in the search results that lets them choose their departure date and compare the available options. To\xa0further expand individual choices for intercity travel, we’ve\xa0also started testing a similar feature for bus tickets.\nHotel accommodations\nWhen people search for travel accommodations, they can see which hotels have been certified for meeting high standards of sustainability by select independent organizations. For example, hotels certified by Green Key or EarthCheck will have an eco-certified badge  next to \ntheir name.   19\n2023 Environmental Report  Sharing other actionable information\nOutside of home energy and transportation, individuals', '62 By quantifying this, \nthey were able to provide estimates of several co-benefit  \nof tree cover . \nTo accelerate the innovation that we’ve seen from the scientific and NGO communities, we’re now bringing Google Earth Engine to public and private sector users.  In 2022, we expanded Google Earth Engine’s availability for commercial use by businesses and governments worldwide as an enterprise-grade service through Google Cloud.  With access to reliable, up-to-date insights on how our planet is changing, organizations will be better equipped  to move their sustainability efforts forward.\nGoogle Earth\nOur planet has seen rapid environmental change in the past half-century—more than at any other point in human history.\nTimelapse  in Google Earth is a global, zoomable  \ntime-lapse video of the planet, providing a clearer picture', '26 Based on Google Trends data as of December 2022, when comparing \nglobal Google Search interest since 2013.\n27 See endnote 13 above.\n28 See endnote 6 above.\n29 See endnote 7 above.\n30 See endnote 8 above.\n31 See endnote 6 above. \n32 Nest Renew Energy Shift usage reflects the total number of hours \nthermostats enrolled in Nest Renew ran Energy Shift features to prioritize \ncleaner or cheaper energy during 2022.\n33 Nest Renew users include anyone in the continental U.S. with a 3rd \ngeneration Nest Learning Thermostat, the Nest Thermostat E, or the \nnewest Nest Thermostat connected to a Google account.\n34 See endnote 6 above.\n35 Based on Google Trends data as of December 2022, when comparing \nglobal Google Search interest since 2008.\n36 See endnote 13 above.\n37 See endnote 35 above.\n38 “Transport: Improving the Sustainability of Passenger and Freight \nTransport ,” IEA, 2022.\n39 Based on Google Trends data as of April 2023, when comparing global', 'Explorer , which empowers thousands of cities and regions \nwith actionable data and insights to reduce global emissions. \nMore recently, we also built Data Commons , an open-\nsource tool to organize hundreds of public sustainability \ndatasets into a single, accessible resource.\nGeospatial technology\nGoogle has made deep investments over nearly two \ndecades in geospatial technology and platforms such \nas Google Maps and Google Earth. Google Earth Engine \nis a leading technology platform for planetary-scale \nenvironmental monitoring that was launched in 2010 \nfor scientists and NGOs. In 2022, it was expanded for \ncommercial use by businesses and governments as \nan enterprise-grade service through Google Cloud. \nResearchers from academic institutions, NGOs, and \nintergovernmental organizations have leveraged and \nbuilt upon our tools for a wide variety of use cases from \nmeasuring habitat ranges to protecting forest  and  \nocean  ecosystems.\nCloud', 'See hybrid and electric vehicle options on Google Search\nWhen people search for car models and brands, we tag hybrid and electric options to make them easier to find.  \nAnd when people look into a specific EV, we show compatible charging stations nearby and typical charge times.\n   14\n2023 Environmental Report  Helping people make more  \nsustainable choices\nIn 2020, we announced a goal to help 1 billion people make \nmore sustainable choices through our products by 2022. We’re pleased to share that we reached that goal in 2022, through innovative solutions offered to users, including:\n • Google Nest: Programmable energy efficiency \nschedules for homes that can help users save energy, money, and carbon emissions throughout the day. • Google Maps:  Eco-friendly routing feature that shows \nusers the most fuel-efficient route, based on factors such as traffic and road incline.\n • Google Travel:  Users can see associated carbon', 'Empowering individuals:  \nA parking lot full of electric vehicles lined up outside a Google office, \nplugged into charging stations.\nWorking together:  \nSatellite-derived Earth Engine image showing seasonal agricultural peaks \nnear the Columbia and Snake Rivers in Washington state. The perfectly round fields are center pivot irrigated corn and wheat maturing in different months. Data source: Landsat 8, U.S. Geological Survey.\nOperating sustainably:  \nA view of our Bay View campus with the events center in the foreground \nand a Google brandmark sculpture. (Photo: Iwan Baan)\nNet-zero carbon:  \nGolden Hills wind farm in California (43 MW for Google)\nWater stewardship:  \nOur Bay View campus, as seen from across its stormwater retention pond. (Photo: Iwan Baan)\nCircular economy:  \nA closeup of many small, broken circuit boards in a pile. Our approach']","Google Trends helps in understanding trends by providing insights into societal interests and behaviors. It allows organizations, including Google, to analyze search data to identify what topics are gaining attention among the public. For instance, Google Trends has shown an increase in searches related to sustainable living, such as ""solar energy,"" ""electric bicycles,"" and ""electric cars,"" indicating a growing interest in sustainability. This information can inform decision-making for governments, organizations, and individuals, helping them to align their actions with the evolving expectations and concerns of society. By quantifying these trends, Google can better understand consumer behavior and preferences, which is crucial for driving positive action towards sustainability.",Google Trends insights are featured in the 2023 Environmental Report to show how Google's work is informed by societal trends and expectations.,0.5,0.9530079563755175,0.5833333333041666,1.0,0.4,0.9151486038775752
How is California contributing to sustainability efforts?,"['Moving ahead, we’ll continue to build partnerships with others, using lessons from our own efforts alongside new tools and technology to help everyone take action.\nLEARN MORE\n • Seeding resilience with ecology\n • Doing our part for California’s monarch butterflies\n • AI reveals signs of recovery in areas devastated by \nbushfires\n • Map of Life Indicators adopted in UN Biodiversity Framework\nIn 2022 we opened Pier 57 in New York City, which incorporates water views and plantings throughout the building  \nto support biophilic design.   73\n2023 Environmental Report  SPOTLIGHT\nBuilding a more sustainable \ncampus in Mountain View\nAn interior photo of the canopy ceiling at our Bay View campus. (Photo: Iwan Baan)In 2022, we opened Bay View  in Mountain \nView, California, the first major campus \ndeveloped by Google. From the start,  we had big ambitions  for this project:  \nre-envisioning the workplace with a focus on prioritizing the human experience  and \ncommunity-centered development .', 'create a more sustainable future.   5\n2023 Environmental Report  \nA letter from our  \nChief Sustainability Officer\nI grew up in Muir Beach, California, and was fortunate \nto spend my childhood exploring its beautiful redwood forests and vibrant tidepools with my family. Today, I’m raising my daughter in these same special places, but now these delicate ecosystems are threatened, just like many other parts of the world. \nClimate change affects all aspects of society, from food \nproduction and human health to infrastructure and the economy. These impacts are interconnected and can have a cascading effect on people and the planet. The response calls for systemic, global action to reduce emissions, improve watershed health, maximize the reuse of finite resources, and protect biodiversity.\nSince Google was founded, our efforts to mitigate climate', 'Empowering individuals:  \nA parking lot full of electric vehicles lined up outside a Google office, \nplugged into charging stations.\nWorking together:  \nSatellite-derived Earth Engine image showing seasonal agricultural peaks \nnear the Columbia and Snake Rivers in Washington state. The perfectly round fields are center pivot irrigated corn and wheat maturing in different months. Data source: Landsat 8, U.S. Geological Survey.\nOperating sustainably:  \nA view of our Bay View campus with the events center in the foreground \nand a Google brandmark sculpture. (Photo: Iwan Baan)\nNet-zero carbon:  \nGolden Hills wind farm in California (43 MW for Google)\nWater stewardship:  \nOur Bay View campus, as seen from across its stormwater retention pond. (Photo: Iwan Baan)\nCircular economy:  \nA closeup of many small, broken circuit boards in a pile. Our approach', 'Nurturing nature across \necosystems\nWe invest in restoration projects outside of Google’s \ncampuses to build health across the wider ecosystem and accelerate our water stewardship goals. In addition to grants mentioned above to create and maintain pollinator habitat, we also support efforts to strengthen the ecological resilience of critical natural systems like the San Francisco Bay . In 2022, we partnered with the \nSan Francisco Estuary Institute to create the Shoreline Resilience Framework for Wildlife Support , which is being \nused by regional agencies to identify, map, and enhance functions that contribute to shoreline resilience. These functions may include protecting the shoreline from erosion, supporting threatened and endangered species, and maintaining critical landscape processes like marsh migration with sea-level rise.Connecting communities \nand\xa0nature\nWe invest for the long term, so we want to care for the', 'with highlights of specific projects and partnerships:\nCALIFORNIA\nWe recently co-funded a pilot project to install water-saving \ntechnology  in three multi-family buildings in Los Angeles. The \ntechnology takes aim at behind-the-scenes leaks, like malfunctioning toilets, that are capable of leaking thousands of gallons of water in a single day. The pilot is on track to save a total of 6.4 million gallons of water a year in the L.A. watershed where we operate. We’re also funding work to bring this approach to parts of San Francisco and New York City.\nARIZONA\nSurface water diversions from the Colorado River make up the primary source of irrigation water supply for the Colorado River Indian Tribes (CRIT) reservation and CRIT farms. We’re working with the Bonneville Environmental Foundation to fund the CRIT to support irrigation infrastructure efficiency  by lining a leaky earthen irrigation canal—\nreducing seepage loss and water diversion demands in the Colorado River watershed.\nMEXICO', 'As of the end of 2022, we’ve created \nand restored more than 40 acres of habitat on Google’s campuses and the surrounding urban landscape, primarily in the Bay Area.   69\n2023 Environmental Report  Restoring habitat for \nmonarch butterflies\nWe’re taking steps to help address the threat facing \nCalifornia’s monarch butterflies—pollinators that are important to our ecosystem. In 2020, California only saw 2,000 monarch butterflies during the winter: a more than 90% decline from the millions of monarchs that visited the state in the 1980’s and 1990’s.\n\u2009138\nGiven our significant presence in California, in 2021,  \nwe announced  our aim to support the creation, \nrestoration, and/or enhancement of 600 acres of habitat \nfor monarchs  and other pollinators across California, \nincluding creating more habitat on our campuses. We’ve put $500,000 toward this effort on our campuses, and Google.org  granted another $500,000 to the Xerces', 'responsibly across our supply \nchain by procuring sustainable \nbuilding and hardware \nmaterials and supporting \nbiodiverse food systems.Developing technology to \naddress biodiversity loss\nWe’re creating platforms, \nopen tools, and geospatial \nand AI-powered solutions \nthat help to increase nature’s \nresilience to climate change \nand address the causes of \nnature loss.\n   68\n2023 Environmental Report  Building for biodiversity\nCenturies of agricultural intensification and urbanization \nhave transformed landscapes and native habitats around the world, including a loss of over 99% of native habitats in Silicon Valley.\n\u2009136 Google is working to bring nature back into \nthe built environment—in part, by restoring critical habitats like oak woodlands  and willow groves across our Bay', 'on Carbon Storage in Silicon Valley, California ,” Landscape and Urban \nPlanning , vol. 195, March 2020.\n137 “Charleston Retention Basin Improvement Project ,” California \nEnvironmental Quality Act, accessed 2023.\n138 “Western Monarch Thanksgiving Count Tallies Over 330,000 Butterflies \nBefore Storms Batter Overwintering Sites ,” Xerces Society, 2023.\n139 See endnote 13 above.\n140 “Reduce Urban Heat Island Effect ,” EPA, May 2019.\n141 The percentage of FSC-certified wood used at Bay View and Charleston \nEast is calculated based on material costs for new wood purchased for \nthese projects during construction.\n142 See endnote 141 above.\n143 “Paris Agreement ,” UNFCCC, 2015.\n144 “Summary for Policymakers of IPCC Special Report on Global Warming of \n1.5°C Approved by Governments ,” IPCC, 2018.\n145 “Sixth Assessment Report ,” IPCC, 2019.\n146 All reported Scope 1 GHG emissions, Scope 2 GHG emissions, and \nbiogenic emissions values are rounded to the nearest hundred. All', 'Googlers collaborate in the Event Center at our Bay View campus.   30\n2023 Environmental Report  Google for Startups\nBy investing early in technologies aimed at tackling \nsustainability challenges like climate change, we have the potential to move the needle on sustainability and positively impact our planet. We have a portfolio of sustainability-focused accelerators , which support  \nearly stage innovations to grow and scale.\nGoogle for Startups \nAccelerator\nGoogle for Startups is working to identify, support, and', 'The opportunity we have through our products and \nplatforms is reflected in our updated environmental sustainability strategy, which focuses on where we can make the most significant positive impact. Our work is organized around three key pillars: empowering individuals to take action, working together with our partners and customers, and operating our business\xa0sustainably.\nIn 2022, we reached our goal to help 1 billion people \nmake more sustainable choices through our products. We achieved this by offering sustainability features like eco-friendly routing in Google Maps, energy efficiency features in Google Nest thermostats, and carbon emissions information in Google Flights. Looking ahead, our aspiration is to help individuals, cities, and other partners collectively reduce 1 gigaton of their carbon equivalent emissions annually by 2030.\n\u20092']","California is contributing to sustainability efforts through various initiatives, including:

1. **Water Conservation**: Google co-funded a pilot project to install water-saving technology in multi-family buildings in Los Angeles, aiming to save 6.4 million gallons of water annually by addressing leaks.

2. **Habitat Restoration**: Google is actively working to restore and enhance habitats for monarch butterflies and other pollinators, committing $1 million to support the creation and restoration of 600 acres of habitat across California.

3. **Ecosystem Resilience**: The company partnered with the San Francisco Estuary Institute to develop the Shoreline Resilience Framework for Wildlife Support, which helps identify and enhance functions that contribute to shoreline resilience.

4. **Sustainable Campus Development**: Google's Bay View campus in Mountain View was designed with sustainability in mind, focusing on community-centered development and environmental stewardship.

5. **Biodiversity and Circular Economy**: Google is investing in projects that restore critical habitats and promote biodiversity, while also working on sustainable supply chain practices.

These efforts reflect California's commitment to addressing climate change and promoting sustainability through innovative projects and partnerships.","The context mentions that the speaker grew up in Muir Beach, California, and emphasizes the importance of integrating sustainability into work, indicating that California is part of the broader efforts to create a more sustainable future.",0.8461538461538461,0.9999999999999997,0.19999999998,1.0,0.25,0.8594486264338004
